,OA11CD,locationCount
0,E00000778,1
1,E00002822,115
2,E00174683,3
3,E00004664,11
4,E00004666,23
5,E00004179,18
6,E00004527,157
7,E00004665,1
8,E00174664,18
9,E00174665,2
10,E00004670,2
11,E00004724,7
12,E00004674,5
13,E00004677,1
14,E00004671,6
15,E00174655,108
16,E00174654,5
17,E00004197,74
18,E00004558,9
19,E00004559,22
20,E00004734,3
21,E00004701,37
22,E00004189,18
23,E00004195,33
24,E00004200,5
25,E00004175,4
26,E00004174,147
27,E00004177,25
28,E00004172,97
29,E00004529,99
30,E00004672,7
31,E00004691,4
32,E00004693,24
33,E00004699,61
34,E00004524,336
35,E00004526,23
36,E00004523,185
37,E00004687,2
38,E00004531,17
39,E00174671,5
40,E00004545,1
41,E00004544,23
42,E00004546,58
43,E00004541,7
44,E00004187,40
45,E00004540,4
46,E00004543,18
47,E00004537,3
48,E00004535,41
49,E00174674,12
50,E00004646,5
51,E00004492,1
52,E00004225,4
53,E00004662,9
54,E00174659,444
55,E00004689,1
56,E00004681,99
57,E00174660,14
58,E00174661,9
59,E00174663,2
60,E00004542,17
61,E00004547,114
62,E00004697,13
63,E00004695,10
64,E00174650,14
65,E00004182,8
66,E00004180,19
67,E00004528,37
68,E00004705,1
69,E00004560,83
70,E00004561,6
71,E00004194,5
72,E00004193,29
73,E00004199,151
74,E00004198,113
75,E00004658,25
76,E00004650,18
77,E00004651,1
78,E00004653,1
79,E00004669,3
80,E00004536,21
81,E00004522,1035
82,E00004525,44
83,E00004694,235
84,E00004696,1
85,E00004169,27
86,E00004553,19
87,E00004554,105
88,E00004557,7
89,E00004556,25
90,E00004551,13
91,E00004188,12
92,E00004181,18
93,E00004678,8
94,E00004655,21
95,E00004652,6
96,E00004656,45
97,E00004173,667
98,E00174653,113
99,E00174651,8
100,E00174652,1
101,E00004731,183
102,E00004683,1
103,E00004521,25
104,E00174679,42
105,E00174676,6
106,E00174675,13
107,E00004649,18
108,E00004647,10
109,E00004185,463
110,E00004548,27
111,E00004539,3
112,E00004532,8
113,E00004530,72
114,E00004729,2
115,E00000035,1705
116,E00000025,178
117,E00000024,1375
118,E00000027,108
119,E00000026,159
120,E00000023,5
121,E00166756,31
122,E00166757,340
123,E00166755,1640
124,E00166758,2
125,E00000030,41
126,E00000018,502
127,E00000019,6
128,E00000013,5
129,E00000014,1
130,E00000017,85
131,E00000001,19
132,E00000003,3
133,E00000007,151
134,E00000028,60
135,E00000029,12
136,E00000021,38
137,E00006111,1
138,E00006949,2
139,E00171153,2
140,E00176490,1
141,E00008149,2
142,E00008872,14
143,E00176309,16
144,E00008882,1
145,E00008881,1
146,E00008883,10
147,E00176276,485
148,E00176278,13
149,E00008884,53
150,E00176275,238
151,E00176282,109
152,E00176260,149
153,E00008834,159
154,E00176255,11
155,E00176308,501
156,E00008861,9
157,E00008878,1
158,E00176283,26
159,E00176312,65
160,E00176261,137
161,E00008879,39
162,E00008877,5
163,E00176311,22
164,E00176307,72
165,E00176305,554
166,E00009390,8
167,E00009392,16
168,E00009394,2
169,E00009315,7
170,E00009542,86
171,E00009543,2
172,E00009546,14
173,E00009547,73
174,E00009540,4
175,E00009541,1
176,E00009425,8
177,E00009266,1
178,E00009414,1
179,E00009406,1
180,E00009487,55
181,E00009402,6
182,E00009229,28
183,E00009227,2
184,E00009256,3
185,E00009258,1
186,E00009249,1
187,E00009749,32
188,E00009770,1
189,E00009763,60
190,E00009553,2
191,E00009343,2
192,E00009342,1
193,E00009345,87
194,E00009629,4
195,E00009346,3
196,E00009615,15
197,E00009614,14
198,E00009503,21
199,E00009504,2
200,E00009358,5
201,E00009437,37
202,E00009434,20
203,E00009332,1
204,E00009334,22
205,E00009337,10
206,E00009518,8
207,E00009331,2
208,E00009350,24
209,E00167284,3
210,E00009365,2
211,E00009555,12
212,E00009723,98
213,E00009623,5
214,E00009238,9
215,E00009757,33
216,E00009778,26
217,E00009779,1
218,E00009772,7
219,E00009768,29
220,E00009764,3
221,E00009766,1
222,E00009767,3
223,E00009296,1
224,E00009441,6
225,E00009448,1
226,E00009499,1
227,E00167297,7
228,E00009239,2
229,E00009237,2
230,E00009228,2
231,E00009254,5
232,E00009319,2
233,E00009520,3
234,E00009521,9
235,E00009523,6
236,E00009593,3
237,E00009328,1
238,E00009322,1
239,E00009327,6
240,E00009325,2
241,E00009234,1
242,E00009231,9
243,E00009625,6
244,E00009624,3
245,E00009621,2
246,E00009620,29
247,E00009463,4
248,E00009462,10
249,E00009616,593
250,E00009617,34
251,E00009457,2
252,E00009454,1
253,E00009539,8
254,E00009531,1
255,E00009533,3
256,E00009535,5
257,E00009263,3
258,E00009619,38
259,E00009419,21
260,E00009498,2
261,E00009413,1
262,E00009590,137
263,E00009699,1
264,E00009246,2
265,E00009600,1
266,E00009631,1
267,E00009632,3
268,E00167283,10
269,E00009357,2
270,E00009248,8
271,E00009244,9
272,E00009324,1
273,E00009560,1
274,E00009528,1
275,E00009408,9
276,E00009400,9
277,E00009409,18
278,E00009387,507
279,E00009776,1
280,E00009777,1
281,E00009527,1
282,E00009780,6
283,E00009525,2
284,E00009444,2
285,E00009440,22
286,E00009261,2
287,E00009268,2
288,E00009262,10
289,E00009260,7
290,E00009265,3
291,E00009370,1
292,E00009561,4
293,E00009572,1
294,E00009427,3
295,E00009424,18
296,E00009352,7
297,E00009536,1
298,E00009537,3
299,E00009551,3
300,E00009558,1
301,E00009550,1
302,E00009395,3
303,E00009317,4
304,E00009396,25
305,E00009316,9
306,E00009397,8
307,E00009391,3
308,E00009386,10
309,E00009563,26
310,E00009618,1
311,E00009330,4
312,E00009588,1
313,E00009548,7
314,E00009447,4
315,E00009259,8
316,E00009405,2
317,E00009578,5
318,E00167282,664
319,E00009574,1
320,E00009577,1
321,E00009729,58
322,E00009567,1
323,E00009759,8
324,E00010293,1
325,E00170301,1
326,E00012179,3
327,E00013425,3
328,E00013462,2
329,E00174777,3
330,E00174773,7
331,E00174770,31
332,E00174775,9
333,E00174786,10
334,E00174784,3
335,E00013576,21
336,E00174766,7
337,E00013430,70
338,E00013431,6
339,E00013432,1
340,E00013434,14
341,E00013438,4
342,E00013439,2
343,E00013550,155
344,E00013543,3
345,E00013545,46
346,E00013548,87
347,E00013460,53
348,E00013461,3
349,E00013444,2
350,E00013447,66
351,E00013446,272
352,E00013453,1
353,E00013458,13
354,E00013569,31
355,E00013561,1
356,E00013560,5
357,E00013746,1
358,E00013426,24
359,E00174772,357
360,E00013556,2
361,E00013547,11
362,E00013546,59
363,E00013544,6
364,E00013428,147
365,E00013429,5
366,E00174778,14
367,E00013455,14
368,E00013454,17
369,E00013452,1
370,E00013578,45
371,E00013579,2
372,E00013570,8
373,E00013572,197
374,E00013573,1
375,E00013564,1
376,E00013565,1
377,E00013567,2
378,E00013566,3
379,E00013562,9
380,E00013440,19
381,E00013443,25
382,E00013442,4
383,E00013785,1
384,E00013559,5
385,E00013558,3
386,E00013549,132
387,E00174781,4
388,E00174783,46
389,E00014455,2
390,E00014454,3
391,E00014560,17
392,E00014273,6
393,E00014275,15
394,E00014277,1
395,E00014270,3
396,E00014271,1
397,E00014659,58
398,E00014658,17
399,E00014302,1
400,E00014121,3
401,E00014120,1
402,E00014123,2
403,E00014122,62
404,E00014128,4
405,E00014173,8
406,E00014175,6
407,E00014172,225
408,E00014176,2
409,E00014171,1
410,E00014301,15
411,E00014300,14
412,E00014383,132
413,E00014384,453
414,E00014662,4
415,E00014588,52
416,E00014589,1
417,E00014665,114
418,E00014664,36
419,E00014667,2
420,E00014661,51
421,E00014660,130
422,E00014561,1
423,E00014506,277
424,E00014586,197
425,E00014587,2
426,E00014507,6
427,E00014585,3
428,E00014579,1
429,E00014578,1
430,E00014152,3
431,E00014354,13
432,E00014356,29
433,E00014352,42
434,E00014353,12
435,E00014341,10
436,E00014348,24
437,E00014345,1
438,E00014342,6
439,E00014347,29
440,E00014280,17
441,E00014201,5
442,E00014471,2
443,E00014473,223
444,E00014470,1
445,E00014474,7
446,E00014475,1142
447,E00014104,16
448,E00014184,3
449,E00014107,13
450,E00014186,2
451,E00014187,3
452,E00014105,27
453,E00014102,67
454,E00014463,2
455,E00014465,13
456,E00014466,1
457,E00014460,5
458,E00014461,3
459,E00014269,5
460,E00014200,3
461,E00014283,2
462,E00014284,23
463,E00014642,1
464,E00014645,9
465,E00014415,13
466,E00014496,1
467,E00014492,7
468,E00014413,4
469,E00014315,26
470,E00014394,2
471,E00014395,1
472,E00014314,63
473,E00014396,2
474,E00014316,2
475,E00014312,5
476,E00014393,1
477,E00014517,14
478,E00014596,30
479,E00014516,39
480,E00014597,182
481,E00014514,11
482,E00014595,439
483,E00014295,2
484,E00014217,3
485,E00014294,3
486,E00014095,26
487,E00014094,812
488,E00014097,59
489,E00014096,10
490,E00014093,88
491,E00014404,6
492,E00014484,291
493,E00014485,3
494,E00014406,1
495,E00014486,6
496,E00014483,127
497,E00014368,15
498,E00014361,34
499,E00014654,1
500,E00014656,1
501,E00014652,12
502,E00014550,10
503,E00014552,2
504,E00014557,1
505,E00014556,73
506,E00014551,7
507,E00014539,13
508,E00014531,3
509,E00014538,3
510,E00014533,26
511,E00014195,3
512,E00014196,4
513,E00014117,7
514,E00014116,6
515,E00014194,1
516,E00014523,10
517,E00014520,26
518,E00014525,25
519,E00014522,7
520,E00014155,117
521,E00014157,12
522,E00014154,4
523,E00014153,2
524,E00014150,1
525,E00014056,2
526,E00014054,13
527,E00014644,1
528,E00014564,2
529,E00014566,10
530,E00014563,1
531,E00014562,6
532,E00014497,8
533,E00014446,5
534,E00014447,12
535,E00014140,17
536,E00014141,4
537,E00014142,4
538,E00014143,3
539,E00014145,93
540,E00014147,1
541,E00014144,145
542,E00014611,180
543,E00014079,48
544,E00014078,77
545,E00014070,14
546,E00014071,4
547,E00014072,1
548,E00014073,5
549,E00014546,14
550,E00014547,1
551,E00014544,1
552,E00175100,2
553,E00014166,11
554,E00014167,1704
555,E00014339,1
556,E00014331,1
557,E00014421,5
558,E00014131,3
559,E00014133,4
560,E00014108,15
561,E00014189,5
562,E00014087,13
563,E00014086,264
564,E00014127,37
565,E00014126,1
566,E00014124,1
567,E00014379,11
568,E00014488,17
569,E00014304,1
570,E00014307,1611
571,E00014386,12
572,E00014385,24
573,E00014558,1
574,E00014537,10
575,E00014534,11
576,E00014536,6
577,E00014156,9
578,E00014062,11
579,E00014065,9
580,E00014064,2
581,E00014066,14
582,E00014231,4
583,E00014230,54
584,E00014048,5
585,E00014049,2
586,E00014232,10
587,E00014235,12
588,E00014234,3
589,E00014047,6
590,E00014237,2
591,E00014236,1
592,E00014044,1
593,E00014239,13
594,E00014238,27
595,E00014671,5
596,E00014670,1
597,E00014199,2
598,E00014198,12
599,E00014118,531
600,E00014600,3
601,E00014603,35
602,E00014605,5
603,E00014601,3
604,E00014138,89
605,E00014139,8
606,E00014571,1
607,E00014570,1
608,E00014572,14
609,E00014228,4
610,E00014575,4
611,E00014229,1
612,E00014598,4
613,E00014519,318
614,E00014518,9
615,E00014526,3
616,E00014219,31
617,E00014218,41
618,E00014298,9
619,E00014299,47
620,E00014524,5
621,E00014527,15
622,E00014328,616
623,E00014329,5
624,E00014321,11
625,E00014322,3
626,E00014323,8
627,E00175087,5
628,E00014431,2
629,E00014430,7
630,E00014433,2
631,E00014432,5
632,E00014435,1
633,E00014548,8
634,E00175089,1
635,E00175088,2
636,E00014262,2
637,E00014264,2
638,E00014265,2
639,E00014266,4
640,E00014267,3
641,E00014260,2
642,E00014646,15
643,E00014647,10
644,E00014286,12
645,E00014207,1
646,E00014285,15
647,E00014063,2
648,E00014068,3
649,E00014364,2
650,E00014367,24
651,E00014059,4
652,E00014366,3
653,E00014058,4
654,E00014362,5
655,E00014648,33
656,E00014649,4
657,E00014061,6
658,E00014089,1065
659,E00014080,1
660,E00014088,36
661,E00014240,9
662,E00014244,1
663,E00014242,1
664,E00014535,10
665,E00014621,3
666,E00175098,1
667,E00175094,1
668,E00175096,41
669,E00175095,36
670,E00014422,4
671,E00014420,1
672,E00014638,76
673,E00014639,183
674,E00014279,1
675,E00014179,1
676,E00014178,2
677,E00014309,87
678,E00014308,6
679,E00014636,7
680,E00014169,13
681,E00014637,11
682,E00014168,17
683,E00014614,3
684,E00014074,1
685,E00014077,26
686,E00014668,1
687,E00014669,36
688,E00014609,60
689,E00014318,7
690,E00014222,57
691,E00014390,133
692,E00014225,36
693,E00014224,29
694,E00014391,21
695,E00014310,1
696,E00014221,2
697,E00014398,11
698,E00014220,175
699,E00014582,10
700,E00014581,19
701,E00014583,226
702,E00014502,4
703,E00014584,193
704,E00014501,42
705,E00014508,10
706,E00014358,11
707,E00014359,6
708,E00014351,2
709,E00014336,3
710,E00014335,2
711,E00014651,1
712,E00014650,30
713,E00014653,81
714,E00014129,1
715,E00014252,2
716,E00014250,16
717,E00014255,1
718,E00014256,8
719,E00014257,2
720,E00014180,80
721,E00014181,2
722,E00014101,1201
723,E00014182,1
724,E00014100,14
725,E00014183,1
726,E00014103,23
727,E00014469,9
728,E00014209,5
729,E00014401,9
730,E00014489,16
731,E00014400,3
732,E00014403,1
733,E00014402,57
734,E00014482,3
735,E00014409,6
736,E00014134,1
737,E00014419,6
738,E00014137,5
739,E00014411,4
740,E00014136,109
741,E00014410,15
742,E00014491,3
743,E00014498,1
744,E00014135,137
745,E00014577,7
746,E00014327,14
747,E00014324,25
748,E00014370,5
749,E00014377,8
750,E00014374,1
751,E00014376,1
752,E00014371,10
753,E00014046,29
754,E00014592,27
755,E00014512,4
756,E00014593,14
757,E00014594,3
758,E00014590,12
759,E00014511,1
760,E00014191,15
761,E00014193,96
762,E00014190,68
763,E00014111,12
764,E00014528,9
765,E00014607,26
766,E00014050,5
767,E00014055,5
768,E00014591,22
769,E00014510,2
770,E00014210,9
771,E00014290,1
772,E00014213,13
773,E00014291,93
774,E00014212,19
775,E00014292,44
776,E00014215,1
777,E00014211,9
778,E00014098,2
779,E00014099,6
780,E00014090,33
781,E00014091,2
782,E00014437,8
783,E00014434,8
784,E00014541,1
785,E00014543,2
786,E00014540,3
787,E00175101,4
788,E00014161,1
789,E00014160,969
790,E00014165,1
791,E00014164,1
792,E00014429,2
793,E00014441,187
794,E00014440,17
795,E00014442,3
796,E00014445,1
797,E00014109,4
798,E00014083,23
799,E00014084,230
800,E00014085,22
801,E00014081,3
802,E00175092,15
803,E00175093,86
804,E00175090,45
805,E00014622,3
806,E00014625,31
807,E00014426,13
808,E00014427,4
809,E00014633,1
810,E00015195,4
811,E00015704,38
812,E00015706,9
813,E00015201,15
814,E00171529,30
815,E00015650,12
816,E00015768,3
817,E00015178,5
818,E00015168,25
819,E00015508,1
820,E00171549,100
821,E00171548,36
822,E00015176,12
823,E00015175,41
824,E00016089,4
825,E00015187,8
826,E00016074,1
827,E00016077,1
828,E00015683,70
829,E00015684,2
830,E00015682,2
831,E00015166,677
832,E00015167,4
833,E00015622,56
834,E00015625,59
835,E00015627,53
836,E00015624,12
837,E00015623,236
838,E00015678,190
839,E00015673,1
840,E00015670,1
841,E00015672,28
842,E00015675,8
843,E00015695,5
844,E00015696,1
845,E00015693,2
846,E00015199,1
847,E00016084,1
848,E00015189,4
849,E00015633,14
850,E00015690,4
851,E00015792,5
852,E00016071,23
853,E00016072,6
854,E00015701,3
855,E00015184,27
856,E00015183,4
857,E00015638,24
858,E00015631,11
859,E00015686,7
860,E00015202,13
861,E00015181,13
862,E00015676,2
863,E00015674,9
864,E00171540,6
865,E00171543,1
866,E00171542,1
867,E00171545,104
868,E00171544,80
869,E00015687,392
870,E00015252,3
871,E00171539,42
872,E00171538,1
873,E00015192,1
874,E00016079,1
875,E00016078,5
876,E00016086,1
877,E00015629,1
878,E00015641,7
879,E00015640,6
880,E00015643,2
881,E00015642,2
882,E00015662,2
883,E00015664,3
884,E00015660,10
885,E00015661,14
886,E00015169,3
887,E00015646,1
888,E00015644,1
889,E00015645,2
890,E00015796,1
891,E00016073,3
892,E00016075,7
893,E00015703,7
894,E00015655,4
895,E00015657,2
896,E00015656,1
897,E00015653,2
898,E00015171,106
899,E00015173,11
900,E00015172,45
901,E00015635,11
902,E00015185,2
903,E00015182,2
904,E00015198,1
905,E00015420,1
906,E00015788,8
907,E00015789,7
908,E00015180,1092
909,E00171537,67
910,E00171536,7
911,E00171533,279
912,E00171535,129
913,E00171534,2
914,E00016593,1
915,E00016171,1
916,E00016441,1
917,E00017645,1
918,E00175027,1
919,E00019078,1
920,E00020264,8
921,E00166637,398
922,E00020009,5
923,E00019999,1
924,E00019847,6
925,E00020018,9
926,E00019829,1
927,E00019770,3
928,E00019773,1662
929,E00019774,238
930,E00019777,62
931,E00020204,1
932,E00019806,2
933,E00019933,2
934,E00166640,7
935,E00019735,1
936,E00019736,1
937,E00019732,1
938,E00019811,1
939,E00168029,21
940,E00020119,12
941,E00168013,1
942,E00020015,2
943,E00020014,2
944,E00019968,1
945,E00020036,11
946,E00020034,96
947,E00167496,9
948,E00167497,29
949,E00167490,3
950,E00167491,6
951,E00020024,1
952,E00020027,15
953,E00020115,3
954,E00020039,2
955,E00167481,2
956,E00167480,13
957,E00019797,3
958,E00165809,1
959,E00165808,4
960,E00019959,2
961,E00019796,2
962,E00020005,19
963,E00167763,4
964,E00167760,73
965,E00167766,6
966,E00019983,3
967,E00019984,7
968,E00019981,149
969,E00019780,21
970,E00019781,53
971,E00019782,1
972,E00019783,23
973,E00019761,1
974,E00019760,1
975,E00019763,2
976,E00019762,9
977,E00019756,6
978,E00020137,5
979,E00020136,1
980,E00020134,1
981,E00020139,10
982,E00020138,1
983,E00019810,3
984,E00019813,7
985,E00019978,1
986,E00019979,2
987,E00020306,1
988,E00019801,18
989,E00019800,8
990,E00020099,2
991,E00019953,1
992,E00019956,2
993,E00019957,2
994,E00020207,1
995,E00020003,2
996,E00019839,81
997,E00019831,2
998,E00168079,10
999,E00020100,2
1000,E00020040,3
1001,E00019927,3
1002,E00166633,21
1003,E00166630,5
1004,E00020031,1
1005,E00020030,1
1006,E00020033,2
1007,E00168027,129
1008,E00168026,29
1009,E00019723,3
1010,E00167508,2
1011,E00167505,21
1012,E00019949,5
1013,E00166632,507
1014,E00167979,300
1015,E00019923,15
1016,E00020096,2
1017,E00019960,86
1018,E00019963,11
1019,E00167992,8
1020,E00167482,6
1021,E00167982,50
1022,E00167981,5
1023,E00167987,3
1024,E00167985,5
1025,E00020260,12
1026,E00020006,4
1027,E00020007,3
1028,E00019841,1
1029,E00019842,11
1030,E00020126,2
1031,E00168082,3
1032,E00020255,354
1033,E00020133,1
1034,E00020106,4
1035,E00020107,1
1036,E00020008,1046
1037,E00168018,3
1038,E00019931,5
1039,E00019738,1
1040,E00019731,1
1041,E00019995,8
1042,E00019997,5
1043,E00019766,200
1044,E00019764,1
1045,E00019823,1
1046,E00019822,19
1047,E00019824,1
1048,E00019825,1
1049,E00019818,32
1050,E00019819,2
1051,E00167975,2
1052,E00019778,4
1053,E00019779,889
1054,E00020035,99
1055,E00019728,2
1056,E00019815,2
1057,E00019814,1
1058,E00019812,7
1059,E00019802,1
1060,E00019805,5
1061,E00020010,58
1062,E00020012,7
1063,E00019785,4
1064,E00019707,1
1065,E00019706,12
1066,E00019784,175
1067,E00019705,21
1068,E00019726,1
1069,E00019727,3
1070,E00167499,3
1071,E00167494,2
1072,E00020021,2
1073,E00020111,9
1074,E00020113,15
1075,E00020112,2
1076,E00167479,1
1077,E00167478,2
1078,E00019836,4
1079,E00019947,1
1080,E00020110,3
1081,E00020102,2
1082,E00020105,1
1083,E00020044,24
1084,E00020043,1
1085,E00019929,3
1086,E00019788,21
1087,E00168023,1
1088,E00019945,4
1089,E00019755,2
1090,E00019754,36
1091,E00019943,13
1092,E00167995,12
1093,E00019791,4
1094,E00019793,32
1095,E00019794,4
1096,E00019790,10
1097,E00019740,1
1098,E00019967,5
1099,E00019962,2
1100,E00020685,4
1101,E00021694,1
1102,E00021266,1
1103,E00021689,36
1104,E00021238,1
1105,E00021692,85
1106,E00021686,17
1107,E00167139,1
1108,E00021681,1
1109,E00021230,1
1110,E00021628,143
1111,E00167177,1
1112,E00021813,1
1113,E00021899,1
1114,E00170943,31
1115,E00022966,3
1116,E00171047,17
1117,E00022910,1
1118,E00023068,2
1119,E00171061,8
1120,E00022980,1
1121,E00022981,1
1122,E00023052,17
1123,E00171066,1
1124,E00022977,1
1125,E00022974,62
1126,E00022975,6
1127,E00022972,27
1128,E00022952,669
1129,E00171041,24
1130,E00170946,1
1131,E00022684,1
1132,E00171068,1
1133,E00023059,2
1134,E00023054,41
1135,E00023056,10
1136,E00170968,10
1137,E00024125,16
1138,E00024126,10
1139,E00023936,3174
1140,E00023932,672
1141,E00023516,1
1142,E00023719,2
1143,E00023714,55
1144,E00024085,7
1145,E00023814,1
1146,E00024007,6
1147,E00023817,13
1148,E00023815,2
1149,E00175263,1
1150,E00023699,9
1151,E00023618,24
1152,E00023690,3
1153,E00023610,2
1154,E00023691,6
1155,E00023698,36
1156,E00023619,5
1157,E00024127,45
1158,E00023937,642
1159,E00023934,143
1160,E00023935,993
1161,E00024124,165
1162,E00023556,4
1163,E00023557,11
1164,E00023554,1
1165,E00023634,1
1166,E00023632,9
1167,E00024138,133
1168,E00023989,1
1169,E00023480,10
1170,E00023489,14
1171,E00023482,4
1172,E00023481,16
1173,E00023484,2
1174,E00023483,3
1175,E00023487,134
1176,E00023486,10
1177,E00023713,7
1178,E00024050,220
1179,E00023821,36
1180,E00024053,14
1181,E00023820,2
1182,E00024052,2
1183,E00023823,30
1184,E00024055,5
1185,E00023822,33
1186,E00175198,260
1187,E00023528,1
1188,E00023523,4
1189,E00023521,15
1190,E00023498,1
1191,E00023746,63
1192,E00023503,14
1193,E00023505,2
1194,E00023502,4
1195,E00023586,1
1196,E00023507,43
1197,E00023500,3
1198,E00024078,5
1199,E00023848,3
1200,E00023849,1
1201,E00024070,5
1202,E00023672,16
1203,E00023504,52
1204,E00023506,26
1205,E00023501,12
1206,E00024056,1
1207,E00024059,2
1208,E00024051,4
1209,E00023759,21
1210,E00175249,509
1211,E00024109,146
1212,E00023780,2
1213,E00023781,2
1214,E00023701,1
1215,E00023703,127
1216,E00023700,29
1217,E00023783,1
1218,E00023708,5
1219,E00023709,3
1220,E00023928,171
1221,E00023921,48
1222,E00023929,554
1223,E00023720,14
1224,E00023570,6
1225,E00023499,24
1226,E00023431,1
1227,E00023807,4
1228,E00024036,2
1229,E00175279,2
1230,E00024110,426
1231,E00024112,408
1232,E00024117,163
1233,E00024116,141
1234,E00023459,11
1235,E00024119,24
1236,E00024118,361
1237,E00023546,2
1238,E00023543,9
1239,E00024092,48
1240,E00024014,1
1241,E00024094,5
1242,E00175228,10
1243,E00175229,7
1244,E00175225,13
1245,E00175226,247
1246,E00175227,3
1247,E00024114,177
1248,E00024001,8
1249,E00023811,9
1250,E00024080,17
1251,E00023899,11
1252,E00023721,19
1253,E00023662,1
1254,E00023663,2
1255,E00175269,63
1256,E00023960,13
1257,E00023965,13
1258,E00023963,2
1259,E00023967,2
1260,E00023969,4
1261,E00023903,19
1262,E00024135,34
1263,E00023902,3
1264,E00024134,104
1265,E00024133,594
1266,E00023682,9
1267,E00023684,1
1268,E00023602,1
1269,E00023604,7
1270,E00023605,2
1271,E00023686,4
1272,E00023685,2
1273,E00023600,2
1274,E00023681,14
1275,E00023509,26
1276,E00023508,93
1277,E00023589,1
1278,E00024129,541
1279,E00175208,83
1280,E00175205,1
1281,E00175204,2
1282,E00175207,2
1283,E00175209,97
1284,E00023733,6
1285,E00023734,48
1286,E00023732,4
1287,E00023737,26
1288,E00023731,52
1289,E00023739,5
1290,E00024089,1
1291,E00024008,6
1292,E00023578,1
1293,E00023572,25
1294,E00023574,4
1295,E00023575,12
1296,E00023946,98
1297,E00023947,6
1298,E00023944,4
1299,E00023458,7
1300,E00023916,1
1301,E00024032,14
1302,E00023882,1
1303,E00023519,52
1304,E00023476,60
1305,E00023538,4
1306,E00023530,1
1307,E00023531,2
1308,E00023532,3
1309,E00023803,1
1310,E00175188,5
1311,E00175232,3
1312,E00023564,2
1313,E00023567,12
1314,E00023716,8
1315,E00024097,32
1316,E00023763,3
1317,E00024076,23
1318,E00024073,2
1319,E00023841,24
1320,E00023694,6
1321,E00023631,2
1322,E00023630,9
1323,E00023633,14
1324,E00023637,14
1325,E00023636,21
1326,E00023639,1
1327,E00023824,71
1328,E00024057,19
1329,E00023826,48
1330,E00023827,1
1331,E00023825,6
1332,E00024054,133
1333,E00023831,13
1334,E00024021,2
1335,E00023833,77
1336,E00023830,15
1337,E00024023,1
1338,E00024022,4
1339,E00023835,22
1340,E00023832,36
1341,E00024026,1
1342,E00023834,99
1343,E00023628,1
1344,E00023524,2
1345,E00175214,627
1346,E00023527,3
1347,E00023526,4
1348,E00023522,208
1349,E00023525,15
1350,E00175218,75
1351,E00024030,371
1352,E00023806,5
1353,E00023884,716
1354,E00023566,3
1355,E00175257,1
1356,E00175254,1
1357,E00023659,3
1358,E00023658,15
1359,E00023724,1
1360,E00023725,6
1361,E00023723,6
1362,E00023676,5
1363,E00023755,9
1364,E00023752,2
1365,E00023816,15
1366,E00024006,2
1367,E00023801,7
1368,E00023614,9
1369,E00023696,2
1370,E00023697,4
1371,E00023695,10
1372,E00023612,8
1373,E00175215,102
1374,E00175213,57
1375,E00024048,385
1376,E00024040,1
1377,E00024063,38
1378,E00024066,84
1379,E00023478,945
1380,E00023843,54
1381,E00024074,3
1382,E00023842,92
1383,E00023844,78
1384,E00024077,21
1385,E00023728,20
1386,E00024075,3
1387,E00023840,209
1388,E00023845,273
1389,E00175206,3172
1390,E00024042,4
1391,E00023510,133
1392,E00023561,33
1393,E00023560,22
1394,E00023767,8
1395,E00023726,5
1396,E00023727,23
1397,E00024140,49
1398,E00175240,5
1399,E00175241,239
1400,E00023665,41
1401,E00175245,1
1402,E00023999,2
1403,E00023913,1
1404,E00024103,9
1405,E00024108,100
1406,E00023919,394
1407,E00023785,15
1408,E00023702,4
1409,E00023926,1
1410,E00023927,8
1411,E00023922,5
1412,E00175182,24
1413,E00175181,46
1414,E00023920,21
1415,E00175264,1
1416,E00175267,5
1417,E00175265,2
1418,E00023491,6
1419,E00023492,12
1420,E00023493,1
1421,E00023490,63
1422,E00024060,1
1423,E00024058,8
1424,E00023829,1
1425,E00023828,29
1426,E00175189,321
1427,E00175184,2
1428,E00023972,4
1429,E00023973,8
1430,E00023975,20
1431,E00023773,1
1432,E00175276,5
1433,E00175270,3
1434,E00175271,1
1435,E00023555,2
1436,E00023450,11
1437,E00023451,3
1438,E00023452,2
1439,E00023453,6
1440,E00175194,260
1441,E00175199,7
1442,E00175195,83
1443,E00175196,635
1444,E00175197,8
1445,E00023867,1
1446,E00175186,644
1447,E00175187,39
1448,E00175180,29
1449,E00175183,65
1450,E00024096,14
1451,E00175222,1
1452,E00175223,1
1453,E00175220,2
1454,E00175221,1
1455,E00023668,3
1456,E00023661,5
1457,E00023660,6
1458,E00023669,308
1459,E00023622,10
1460,E00023620,30
1461,E00023625,15
1462,E00023813,5
1463,E00024083,5
1464,E00024002,12
1465,E00023812,2
1466,E00024005,20
1467,E00023810,1
1468,E00023907,1
1469,E00024136,76
1470,E00023987,2
1471,E00024137,671
1472,E00023606,6
1473,E00023687,28
1474,E00024121,26
1475,E00023938,1201
1476,E00023931,149
1477,E00024123,2
1478,E00023930,1834
1479,E00023933,192
1480,E00024122,1
1481,E00023939,167
1482,E00024128,143
1483,E00023592,3
1484,E00023512,3
1485,E00023514,3
1486,E00023515,1
1487,E00023517,10
1488,E00023595,117
1489,E00024045,19
1490,E00023559,6
1491,E00023558,39
1492,E00023550,1
1493,E00023664,5
1494,E00023959,21
1495,E00023953,9
1496,E00023957,23
1497,E00023955,28
1498,E00023576,2
1499,E00023577,1
1500,E00024019,2
1501,E00023534,1
1502,E00023535,1
1503,E00023762,14
1504,E00024024,78
1505,E00023836,93
1506,E00023837,7
1507,E00023627,14
1508,E00023624,21
1509,E00023718,1
1510,E00023626,3
1511,E00023710,1
1512,E00023623,2
1513,E00023621,1
1514,E00175212,30
1515,E00023650,1
1516,E00023653,12
1517,E00023657,38
1518,E00023655,5
1519,E00023656,12
1520,E00024113,690
1521,E00024115,68
1522,E00023520,3
1523,E00023529,3
1524,E00023764,4
1525,E00023766,34
1526,E00024010,1
1527,E00024090,1
1528,E00024091,1
1529,E00023819,31
1530,E00023818,52
1531,E00023473,10
1532,E00023470,1
1533,E00023477,460
1534,E00023948,1
1535,E00023941,68
1536,E00023943,42
1537,E00023945,2322
1538,E00023942,56
1539,E00023988,1
1540,E00024130,251
1541,E00023608,2
1542,E00023689,10
1543,E00023601,3
1544,E00023456,2
1545,E00023488,2
1546,E00175253,7
1547,E00175250,1101
1548,E00175252,4
1549,E00023741,1
1550,E00023740,9
1551,E00023744,12
1552,E00023747,1
1553,E00023914,13
1554,E00024107,1
1555,E00023992,4
1556,E00024065,2
1557,E00024067,8
1558,E00023876,22
1559,E00023877,9
1560,E00024031,31
1561,E00024038,18
1562,E00024033,56
1563,E00175239,7
1564,E00175234,3
1565,E00175231,1
1566,E00024105,230
1567,E00023993,2
1568,E00023991,4
1569,E00023910,18
1570,E00023494,69
1571,E00023496,1
1572,E00175219,12
1573,E00024028,3
1574,E00024029,9
1575,E00023838,40
1576,E00023839,384
1577,E00175192,150
1578,E00175191,381
1579,E00175193,165
1580,E00175190,492
1581,E00023468,6
1582,E00023461,4
1583,E00023463,1
1584,E00023462,1
1585,E00023467,1
1586,E00024062,1
1587,E00023648,1
1588,E00023641,7
1589,E00023640,1
1590,E00023643,7
1591,E00023644,8
1592,E00023647,2
1593,E00023649,11
1594,E00023670,39
1595,E00023671,8
1596,E00023675,7
1597,E00023679,2
1598,E00175243,21
1599,E00023758,131
1600,E00023750,1
