,OA11CD,locationCount,lng,lat
0,E00000778,1,-0.15309776093928382,51.61353175239727
1,E00002822,115,-0.21744054695377987,51.52902708041863
2,E00174683,3,-0.29448058871948035,51.554623843361604
3,E00004664,11,-0.11799071040978694,51.52856727705533
4,E00004666,23,-0.12811029105988408,51.52775177682784
5,E00004179,18,-0.12333428112365913,51.52448185017797
6,E00004527,157,-0.12085435584156076,51.51534559167671
7,E00004665,1,-0.12380296616168537,51.528296028608544
8,E00174664,18,-0.12437531567573125,51.52319919047607
9,E00174665,2,-0.12234528932477454,51.52567039739077
10,E00004670,2,-0.12154786767018093,51.527895166133796
11,E00004724,7,-0.13152514679791724,51.52901019443072
12,E00004674,5,-0.12407311528516271,51.5272553565799
13,E00004677,1,-0.1189131156980473,51.52731168836342
14,E00004671,6,-0.11616644683222614,51.52679778683674
15,E00174655,108,-0.12714971912985404,51.52364251437476
16,E00174654,5,-0.14072114738657654,51.52681946030541
17,E00004197,74,-0.1302040182524765,51.51828834030284
18,E00004558,9,-0.12350903962894749,51.51819422830861
19,E00004559,22,-0.1251384761652697,51.51818002385565
20,E00004734,3,-0.12630422986850065,51.53596253623231
21,E00004701,37,-0.14278223861233194,51.52485236066459
22,E00004189,18,-0.13701022967213947,51.52254747818947
23,E00004195,33,-0.13087996117534367,51.52002040738523
24,E00004200,5,-0.1374042413959287,51.51986672585859
25,E00004175,4,-0.12416459430107325,51.525688556084766
26,E00004174,147,-0.1349593011646928,51.5246771353291
27,E00004177,25,-0.12950292068969474,51.52502174214818
28,E00004172,97,-0.13258577111309294,51.517964569837524
29,E00004529,99,-0.1262795051294722,51.514122620378544
30,E00004672,7,-0.1247651782934765,51.52766916066173
31,E00004691,4,-0.1426252181507157,51.52773111104614
32,E00004693,24,-0.14388267871182822,51.52685489088078
33,E00004699,61,-0.1392164531228749,51.5257350849581
34,E00004524,336,-0.11539006826719357,51.51757123181095
35,E00004526,23,-0.12504923504531557,51.515355277205764
36,E00004523,185,-0.1273425027242411,51.51455504986633
37,E00004687,2,-0.1483033969610535,51.53202804826881
38,E00004531,17,-0.11402629666232411,51.5240016729347
39,E00174671,5,-0.11469767773909684,51.5231077701345
40,E00004545,1,-0.11156519711675136,51.52107593172248
41,E00004544,23,-0.11979146706545042,51.522329788178716
42,E00004546,58,-0.11808997475125596,51.51851443780529
43,E00004541,7,-0.11298935713050044,51.522093129414415
44,E00004187,40,-0.1406293437433543,51.52355903798971
45,E00004540,4,-0.11814686754738445,51.52309058920999
46,E00004543,18,-0.11847252926030907,51.52187947219234
47,E00004537,3,-0.11836381277168088,51.52265692438098
48,E00004535,41,-0.12243928655008979,51.52191077485956
49,E00174674,12,-0.11414826820895993,51.52192031345236
50,E00004646,5,-0.12300097574275762,51.52810984431572
51,E00004492,1,-0.1636912867987207,51.56882955517072
52,E00004225,4,-0.14339343178356037,51.54026987496898
53,E00004662,9,-0.1249658679879191,51.52892951039567
54,E00174659,444,-0.12800976402972378,51.520927604102226
55,E00004689,1,-0.14112263000072742,51.528206967787085
56,E00004681,99,-0.14633104952828935,51.52666262785313
57,E00174660,14,-0.11449024591747989,51.52610431997697
58,E00174661,9,-0.11570886746530863,51.52526423772908
59,E00174663,2,-0.12321799515099088,51.52303810541096
60,E00004542,17,-0.1100486663192782,51.52154074158043
61,E00004547,114,-0.10782001235291497,51.5193658176917
62,E00004697,13,-0.13918462603298992,51.52753126745427
63,E00004695,10,-0.13712355365457043,51.52697515765966
64,E00174650,14,-0.13820592460316,51.521408460285045
65,E00004182,8,-0.12644410988068483,51.52508277457789
66,E00004180,19,-0.12502648143259135,51.525264599595864
67,E00004528,37,-0.12334082900011543,51.51549763707118
68,E00004705,1,-0.14433819671407055,51.53560471947389
69,E00004560,83,-0.12321412262273804,51.516971919505664
70,E00004561,6,-0.12582813442310561,51.517293456799194
71,E00004194,5,-0.1409239793161145,51.5226798227617
72,E00004193,29,-0.1317303055295856,51.522173294965675
73,E00004199,151,-0.13435944852420764,51.51936082447243
74,E00004198,113,-0.13601843326737836,51.52056794764753
75,E00004658,25,-0.1214384197819991,51.529431362198366
76,E00004650,18,-0.12713047677009837,51.526050238523865
77,E00004651,1,-0.11677842298574014,51.52551270011383
78,E00004653,1,-0.12374012835370049,51.52664587734153
79,E00004669,3,-0.12024159472024173,51.52800075075869
80,E00004536,21,-0.10917192815834342,51.5220524515825
81,E00004522,1035,-0.1273294966776932,51.51631736311812
82,E00004525,44,-0.12053891498703884,51.51687711147932
83,E00004694,235,-0.13551060481220883,51.52862516212998
84,E00004696,1,-0.14202102527896066,51.5273836617982
85,E00004169,27,-0.1242927705664815,51.52019935603201
86,E00004553,19,-0.11073649493087663,51.51996114321491
87,E00004554,105,-0.1198535132635154,51.51912887321287
88,E00004557,7,-0.10943265346878946,51.518539999685004
89,E00004556,25,-0.11248010507256286,51.520078945029624
90,E00004551,13,-0.106696524649168,51.52036742969256
91,E00004188,12,-0.13640240977225965,51.52357755675723
92,E00004181,18,-0.12448928437701776,51.52412658064935
93,E00004678,8,-0.12073021732718235,51.526504850842855
94,E00004655,21,-0.11743847679649536,51.52459795134796
95,E00004652,6,-0.12850834420267587,51.52625519169876
96,E00004656,45,-0.11871366704227948,51.525929070947306
97,E00004173,667,-0.13249314436945245,51.525925407708336
98,E00174653,113,-0.13380892458367255,51.52295554729633
99,E00174651,8,-0.13927228302244707,51.52207681000087
100,E00174652,1,-0.1333543453130862,51.52120103745813
101,E00004731,183,-0.12802202540433444,51.52985290955383
102,E00004683,1,-0.14196630730971796,51.52955445660312
103,E00004521,25,-0.12148452238586487,51.52006403555934
104,E00174679,42,-0.12047611023924605,51.52446650925144
105,E00174676,6,-0.1274662421204701,51.52453815631296
106,E00174675,13,-0.11589424028893942,51.52189074529469
107,E00004649,18,-0.1250509022984496,51.52624958883492
108,E00004647,10,-0.11686328623925897,51.529304208311196
109,E00004185,463,-0.1384797671656369,51.52437036173855
110,E00004548,27,-0.11754594372896777,51.52111401718927
111,E00004539,3,-0.1113989415970615,51.52199303416842
112,E00004532,8,-0.11649551348605648,51.52332209723715
113,E00004530,72,-0.12901263837573101,51.514650737199965
114,E00004729,2,-0.13140344756789588,51.529323378947026
115,E00000035,1705,-0.0806298513179196,51.51143365051526
116,E00000025,178,-0.107815607946523,51.51296178921985
117,E00000024,1375,-0.10013476605825056,51.51348414087133
118,E00000027,108,-0.10135232094050105,51.51861258192173
119,E00000026,159,-0.1044036594312293,51.51663937450371
120,E00000023,5,-0.09524385344471308,51.5221469206487
121,E00166756,31,-0.09746408755952768,51.51981256625596
122,E00166757,340,-0.09405655997688238,51.51235259154542
123,E00166755,1640,-0.08548659443106908,51.51519066304517
124,E00166758,2,-0.09549323594577575,51.5192687167911
125,E00000030,41,-0.07750445097466897,51.51638242981641
126,E00000018,502,-0.09337755948442608,51.51939862506731
127,E00000019,6,-0.09060897105665577,51.52003590250721
128,E00000013,5,-0.09643853380309572,51.52092568073904
129,E00000014,1,-0.09689991367113052,51.52209664492345
130,E00000017,85,-0.09181522981310507,51.520441917702996
131,E00000001,19,-0.09508570194916376,51.520229340672856
132,E00000003,3,-0.09633668839339786,51.51989671269212
133,E00000007,151,-0.09697809100686093,51.516780441723924
134,E00000028,60,-0.11112140406043301,51.51636249786033
135,E00000029,12,-0.07555911071342639,51.513000411180876
136,E00000021,38,-0.09256288720601402,51.517240821278584
137,E00006111,1,-0.3214575883989109,51.51777827802429
138,E00006949,2,-0.07981217150560332,51.634629303268554
139,E00171153,2,-0.08137161491103374,51.649267532767134
140,E00176490,1,-0.021743871646063742,51.48141249153267
141,E00008149,2,-0.006363515209280445,51.48199786512764
142,E00008872,14,-0.08437481090505242,51.529505535751355
143,E00176309,16,-0.07715614060883433,51.52968185206539
144,E00008882,1,-0.08485504709405181,51.528055014801545
145,E00008881,1,-0.08665808195612412,51.52871525545006
146,E00008883,10,-0.08514528215570573,51.52680740378245
147,E00176276,485,-0.07859894242155781,51.52542018287623
148,E00176278,13,-0.07691092422187212,51.52847402662609
149,E00008884,53,-0.086875963550603,51.52647771893775
150,E00176275,238,-0.08295899004949821,51.52677988611481
151,E00176282,109,-0.08807289252783655,51.52795511930905
152,E00176260,149,-0.08231476644117446,51.5254344230279
153,E00008834,159,-0.08346000151146149,51.52288649453084
154,E00176255,11,-0.07988889621105777,51.524889932200786
155,E00176308,501,-0.07899076325811116,51.52298760809004
156,E00008861,9,-0.07858420887992758,51.52940893799119
157,E00008878,1,-0.08154505503781576,51.528897065987
158,E00176283,26,-0.08996467029830839,51.52885163202305
159,E00176312,65,-0.08116510794668666,51.527358709395315
160,E00176261,137,-0.07704793792721687,51.52622905353241
161,E00008879,39,-0.09170009120527645,51.529188681081116
162,E00008877,5,-0.09400691355576714,51.52940316085063
163,E00176311,22,-0.08124242720984694,51.523627947396726
164,E00176307,72,-0.08023850198182336,51.52555762868038
165,E00176305,554,-0.07905233846642801,51.527072439139594
166,E00009390,8,-0.20063836345756067,51.48172978924965
167,E00009392,16,-0.1977902417849924,51.48200003547671
168,E00009394,2,-0.19261636150429173,51.48282032140956
169,E00009315,7,-0.21275608996738357,51.497496666829676
170,E00009542,86,-0.20705451448568202,51.48890905843467
171,E00009543,2,-0.21284592004397387,51.48923744056215
172,E00009546,14,-0.2090254573375886,51.48484251679978
173,E00009547,73,-0.20611138546599345,51.49053792205586
174,E00009540,4,-0.2083790224737625,51.48962827244232
175,E00009541,1,-0.21051844139119372,51.48903876279661
176,E00009425,8,-0.2179518421762209,51.48383475820051
177,E00009266,1,-0.22098095446123678,51.501689907762334
178,E00009414,1,-0.2043515347489083,51.48306694090334
179,E00009406,1,-0.19933030452892117,51.484036174764746
180,E00009487,55,-0.22309178145564515,51.493041064416616
181,E00009402,6,-0.19688781273880387,51.48471106176643
182,E00009229,28,-0.21688633456071543,51.50208466911745
183,E00009227,2,-0.22265079903875223,51.50211789785088
184,E00009256,3,-0.21858399231085796,51.49773798707551
185,E00009258,1,-0.21875424920175116,51.5023038966646
186,E00009249,1,-0.2166098401047441,51.498446498669814
187,E00009749,32,-0.22288600587686122,51.50603697427568
188,E00009770,1,-0.20597544368095566,51.47743250610883
189,E00009763,60,-0.19789743258123554,51.47992461883176
190,E00009553,2,-0.20713757722890322,51.48955175170022
191,E00009343,2,-0.21612526157414422,51.49493185995522
192,E00009342,1,-0.2072286637777524,51.4953214175284
193,E00009345,87,-0.21086748983971615,51.49646155114914
194,E00009629,4,-0.1897796054603759,51.47625384311638
195,E00009346,3,-0.20722096627622574,51.49374390206041
196,E00009615,15,-0.1895003046783329,51.480959575857945
197,E00009614,14,-0.1932277153440769,51.481002067615194
198,E00009503,21,-0.21462909437487004,51.47674373811289
199,E00009504,2,-0.2130475661668536,51.47798079779059
200,E00009358,5,-0.21437792822222648,51.49234187219784
201,E00009437,37,-0.215826604643941,51.4899960052496
202,E00009434,20,-0.21766011918969425,51.482474605678384
203,E00009332,1,-0.20975296780496272,51.49100095909003
204,E00009334,22,-0.2199363974467267,51.49547697761484
205,E00009337,10,-0.21745044903392796,51.496765148328926
206,E00009518,8,-0.21432074350795485,51.48179502130181
207,E00009331,2,-0.20797065638127105,51.491396708388685
208,E00009350,24,-0.20634563221179594,51.49354321738162
209,E00167284,3,-0.21777550749635946,51.50919884341205
210,E00009365,2,-0.2238971259957317,51.51298594281414
211,E00009555,12,-0.21184331557670674,51.4898323769195
212,E00009723,98,-0.2226055093292282,51.504287497532964
213,E00009623,5,-0.19292801643557553,51.47814590888051
214,E00009238,9,-0.22167044828201563,51.50052965754958
215,E00009757,33,-0.20258501055129513,51.47841134105668
216,E00009778,26,-0.20183443052464534,51.47640884716924
217,E00009779,1,-0.2083934804987961,51.47635993556213
218,E00009772,7,-0.19903995577088768,51.47856603206927
219,E00009768,29,-0.20046362734508477,51.47855157277773
220,E00009764,3,-0.1969568023378125,51.47907008338267
221,E00009766,1,-0.2034906071553664,51.478695993974085
222,E00009767,3,-0.20308342721654674,51.47771178024886
223,E00009296,1,-0.24296872021780813,51.503053066600714
224,E00009441,6,-0.2160188417696472,51.488299042583634
225,E00009448,1,-0.2122882287591039,51.485484436398934
226,E00009499,1,-0.22461060434809046,51.490101889440304
227,E00167297,7,-0.21824489954046652,51.492424300979785
228,E00009239,2,-0.21697843861755028,51.50134612649339
229,E00009237,2,-0.21879966117937807,51.500103578283294
230,E00009228,2,-0.21957495084568496,51.5015001549309
231,E00009254,5,-0.22188642658294133,51.497798154350725
232,E00009319,2,-0.21129380904386894,51.49131180457013
233,E00009520,3,-0.21163106083906152,51.48088996492883
234,E00009521,9,-0.2162087529443201,51.478971015277104
235,E00009523,6,-0.2101771817569923,51.480476158378124
236,E00009593,3,-0.2226981538615274,51.476944242676964
237,E00009328,1,-0.20656624867927634,51.49127918582148
238,E00009322,1,-0.20828444345300873,51.492164318391886
239,E00009327,6,-0.204003040536124,51.49296835713276
240,E00009325,2,-0.2131480085521556,51.491168948066445
241,E00009234,1,-0.21836503465563953,51.50108505270781
242,E00009231,9,-0.21443246711075323,51.49935302068722
243,E00009625,6,-0.1906295689965306,51.47746220911468
244,E00009624,3,-0.1930664053646318,51.477380233503155
245,E00009621,2,-0.19183208510204441,51.47839421387696
246,E00009620,29,-0.19463087978746108,51.4798608175913
247,E00009463,4,-0.219993370780958,51.49021244823905
248,E00009462,10,-0.22317584053216058,51.490132796302575
249,E00009616,593,-0.19142915003540695,51.4810337992039
250,E00009617,34,-0.18859797054807684,51.47868741437359
251,E00009457,2,-0.22320263090966377,51.483912405789816
252,E00009454,1,-0.21960701545630135,51.48461036886649
253,E00009539,8,-0.20258344416875698,51.48623558751019
254,E00009531,1,-0.20526505031036268,51.47911444587092
255,E00009533,3,-0.21309681462217384,51.47896317582861
256,E00009535,5,-0.21207958747245545,51.478696233174915
257,E00009263,3,-0.2165437317012371,51.50331697460473
258,E00009619,38,-0.18702996033997601,51.47937651620789
259,E00009419,21,-0.20182112742653446,51.482804040864835
260,E00009498,2,-0.2219923180148733,51.49069308986854
261,E00009413,1,-0.20862630410631608,51.483150225179145
262,E00009590,137,-0.21968925108239895,51.47996592574166
263,E00009699,1,-0.18501707035796594,51.47656019658453
264,E00009246,2,-0.21650645202676186,51.499752304723174
265,E00009600,1,-0.21562518969404523,51.470971926246754
266,E00009631,1,-0.18754560994574532,51.47470694105283
267,E00009632,3,-0.1954552524270751,51.47644383160666
268,E00167283,10,-0.21604233538143072,51.50835046093993
269,E00009357,2,-0.21142363434737463,51.49321605101264
270,E00009248,8,-0.22287731628449434,51.499004158950214
271,E00009244,9,-0.2137544396489973,51.49991097335196
272,E00009324,1,-0.20411717533800616,51.49185783461837
273,E00009560,1,-0.2017476752159982,51.48947208243701
274,E00009528,1,-0.21017686386105436,51.479192142603345
275,E00009408,9,-0.20006810474722364,51.483303996807614
276,E00009400,9,-0.20020515929249463,51.48450281178677
277,E00009409,18,-0.20259552761993707,51.484394333347566
278,E00009387,507,-0.20062082568735756,51.485381127752305
279,E00009776,1,-0.19818123151577685,51.47748919989565
280,E00009777,1,-0.20012172150517193,51.47689511590314
281,E00009527,1,-0.21006922380588086,51.47982630246102
282,E00009780,6,-0.2035795087166366,51.47634025875574
283,E00009525,2,-0.21373140994163342,51.480188564000365
284,E00009444,2,-0.2188228785916437,51.487424669062115
285,E00009440,22,-0.21993404255276838,51.486512718249784
286,E00009261,2,-0.21781106467080227,51.50341601948015
287,E00009268,2,-0.2164651003396403,51.50213692914971
288,E00009262,10,-0.22009544305093653,51.50329572736754
289,E00009260,7,-0.21931571978704217,51.50379302397404
290,E00009265,3,-0.22235018754397845,51.503029909012355
291,E00009370,1,-0.2318029451332245,51.528037952611285
292,E00009561,4,-0.1989322065369476,51.48709667458334
293,E00009572,1,-0.2090844707891086,51.48732629113314
294,E00009427,3,-0.216001952428488,51.48327526188779
295,E00009424,18,-0.22386662961330267,51.48314932672878
296,E00009352,7,-0.21450853420225016,51.49374302012491
297,E00009536,1,-0.20949616334183885,51.47832333898115
298,E00009537,3,-0.21222790027716312,51.477396055567326
299,E00009551,3,-0.2101968361318762,51.48979603333955
300,E00009558,1,-0.2044245246509418,51.48970277604425
301,E00009550,1,-0.20850817461165552,51.49001976958473
302,E00009395,3,-0.20152252501408321,51.480611171934775
303,E00009317,4,-0.20546043419658153,51.49441069321699
304,E00009396,25,-0.19623339491331876,51.48070938855829
305,E00009316,9,-0.21111216833362215,51.49480455598247
306,E00009397,8,-0.20391275606349882,51.480092922527795
307,E00009391,3,-0.2043578778707928,51.481173192289674
308,E00009386,10,-0.19719929131484043,51.486528279656795
309,E00009563,26,-0.21202425174707715,51.48764367051907
310,E00009618,1,-0.19367687814289747,51.47938847729301
311,E00009330,4,-0.21617182645934532,51.491953302952986
312,E00009588,1,-0.22352259366429142,51.481468928807814
313,E00009548,7,-0.21178931296303588,51.4903922080982
314,E00009447,4,-0.21566449911064706,51.48593668642478
315,E00009259,8,-0.21862337373537843,51.50383555508981
316,E00009405,2,-0.2039126025846677,51.484399611907186
317,E00009578,5,-0.20700701112977818,51.484972294079434
318,E00167282,664,-0.21964997751205645,51.506434052392294
319,E00009574,1,-0.20321576213639655,51.48704736299134
320,E00009577,1,-0.20466320839965976,51.48657772917056
321,E00009729,58,-0.22300869422842673,51.508955101339595
322,E00009567,1,-0.2107492677102109,51.487440514374626
323,E00009759,8,-0.20064269032961443,51.47992125650061
324,E00010293,1,-0.07037087890344605,51.5761587317612
325,E00170301,1,-0.10182972615819086,51.57050788844738
326,E00012179,3,-0.4563850980452521,51.46830297548954
327,E00013425,3,-0.09447142293164569,51.52837752873612
328,E00013462,2,-0.09092119854124303,51.522828113313466
329,E00174777,3,-0.09785508117296288,51.52624290924083
330,E00174773,7,-0.1021244240128024,51.524160189168725
331,E00174770,31,-0.08814573554491206,51.5228463575606
332,E00174775,9,-0.0974911284098854,51.52460957547331
333,E00174786,10,-0.09894781030243158,51.524672501521984
334,E00174784,3,-0.09956650789194896,51.52322807811205
335,E00013576,21,-0.10247264431115746,51.52629374468665
336,E00174766,7,-0.1000596044120771,51.52582216630284
337,E00013430,70,-0.10051694999822448,51.521264193982226
338,E00013431,6,-0.10358634886471128,51.52532684601893
339,E00013432,1,-0.09507508541098186,51.523055672909074
340,E00013434,14,-0.09831440895966598,51.52135740429439
341,E00013438,4,-0.09766094122471884,51.528895645282624
342,E00013439,2,-0.10045009870048038,51.5294930304296
343,E00013550,155,-0.10369303478021283,51.52023962111072
344,E00013543,3,-0.11508273158959989,51.53014959180446
345,E00013545,46,-0.10621683125146685,51.521773289117235
346,E00013548,87,-0.10699731986597844,51.52418392252073
347,E00013460,53,-0.09451495933548512,51.52424591595816
348,E00013461,3,-0.08989692179925533,51.52396238809601
349,E00013444,2,-0.09932536425611226,51.527146394402045
350,E00013447,66,-0.09648770204847228,51.52420110122558
351,E00013446,272,-0.08905875060965283,51.52666624042003
352,E00013453,1,-0.10219582155195056,51.52548114060217
353,E00013458,13,-0.094715142191657,51.52576518371594
354,E00013569,31,-0.10666036963075202,51.526965678256225
355,E00013561,1,-0.10216986365433833,51.528700603213515
356,E00013560,5,-0.10913520982507682,51.529773210569296
357,E00013746,1,-0.11780226574571982,51.55118463188279
358,E00013426,24,-0.09345919367747826,51.52310758255558
359,E00174772,357,-0.08611054716785096,51.52410385120689
360,E00013556,2,-0.10740043013047286,51.52933415675027
361,E00013547,11,-0.10470561445195282,51.52412859994543
362,E00013546,59,-0.109277333342905,51.5237523650297
363,E00013544,6,-0.1136127564623569,51.52934913704366
364,E00013428,147,-0.08813085899690788,51.52101344638829
365,E00013429,5,-0.09277055251615082,51.52203665212991
366,E00174778,14,-0.09801828119195136,51.52292300853849
367,E00013455,14,-0.08934303335331678,51.52517283787393
368,E00013454,17,-0.09242954978177638,51.524805488994396
369,E00013452,1,-0.08959485664727952,51.52603690858873
370,E00013578,45,-0.11148891584633125,51.52483510401556
371,E00013579,2,-0.10499146021638898,51.52560194447608
372,E00013570,8,-0.10235254066822243,51.527429701059674
373,E00013572,197,-0.10904614863790424,51.52639164273611
374,E00013573,1,-0.11233509576704921,51.526889034876966
375,E00013564,1,-0.1125817717793313,51.528433079757896
376,E00013565,1,-0.11033359140240982,51.527760057352076
377,E00013567,2,-0.11399981338983767,51.52754904662531
378,E00013566,3,-0.1050921554704594,51.52806823005201
379,E00013562,9,-0.1059942839472762,51.52915426431508
380,E00013440,19,-0.09443055449302797,51.52735622411185
381,E00013443,25,-0.09700812220447902,51.52751289683233
382,E00013442,4,-0.09154787752387421,51.52749665637358
383,E00013785,1,-0.13862918278684655,51.56174525315206
384,E00013559,5,-0.10475302362340341,51.529125480748014
385,E00013558,3,-0.11076019536529062,51.529518852791824
386,E00013549,132,-0.10396275405199715,51.52258870020991
387,E00174781,4,-0.10082813157324043,51.524574851594494
388,E00174783,46,-0.10133051505097124,51.523211463382935
389,E00014455,2,-0.21433407612135563,51.51757981556752
390,E00014454,3,-0.21138018538782047,51.51786087082114
391,E00014560,17,-0.18150967147638786,51.48671088236848
392,E00014273,6,-0.19106666584383705,51.489778849824475
393,E00014275,15,-0.19161740157490517,51.489227887597124
394,E00014277,1,-0.19461448591344044,51.48841314832089
395,E00014270,3,-0.19443416410205153,51.49010045161072
396,E00014271,1,-0.19715242222830898,51.48941895115808
397,E00014659,58,-0.1786525304737763,51.486784017662806
398,E00014658,17,-0.17332477636398178,51.48683387932087
399,E00014302,1,-0.2105540197896108,51.520441940190175
400,E00014121,3,-0.19277034125383236,51.5054700604219
401,E00014120,1,-0.19402199690111363,51.50570588791026
402,E00014123,2,-0.1992948376241255,51.50532864658727
403,E00014122,62,-0.19910008412003305,51.506064875085656
404,E00014128,4,-0.1932514769902923,51.50462463963796
405,E00014173,8,-0.20157974139843532,51.51685627034741
406,E00014175,6,-0.20070993646846277,51.51624899274537
407,E00014172,225,-0.20890284722350316,51.516848176703185
408,E00014176,2,-0.20125331966496815,51.5157855704686
409,E00014171,1,-0.20068664763463334,51.51714090124849
410,E00014301,15,-0.20593260234784225,51.520391699286264
411,E00014300,14,-0.20825995159707333,51.52150731874845
412,E00014383,132,-0.20562302561468734,51.504765642296235
413,E00014384,453,-0.20254050402575566,51.50133379076922
414,E00014662,4,-0.17736655769683085,51.485313577900214
415,E00014588,52,-0.16151694790685076,51.49040036925371
416,E00014589,1,-0.15668085882837815,51.48912548142833
417,E00014665,114,-0.18360703082934643,51.48373650646678
418,E00014664,36,-0.18117072975221146,51.48429028602819
419,E00014667,2,-0.18530169960695697,51.482503392925594
420,E00014661,51,-0.18018871921246288,51.485869214478605
421,E00014660,130,-0.17507458337594603,51.485654700763334
422,E00014561,1,-0.1894954332986535,51.48753626763575
423,E00014506,277,-0.19969736150896075,51.51091851564644
424,E00014586,197,-0.159252407466886,51.49013020717697
425,E00014587,2,-0.1557475466509239,51.490108298927346
426,E00014507,6,-0.18104751561407784,51.50026525138245
427,E00014585,3,-0.15746024772089057,51.49047149024159
428,E00014579,1,-0.186154436540111,51.48967307382013
429,E00014578,1,-0.1821828207842843,51.48872715481866
430,E00014152,3,-0.20230275389897695,51.51551273375744
431,E00014354,13,-0.16473247524784998,51.48989994831458
432,E00014356,29,-0.15692877677657271,51.49680629382389
433,E00014352,42,-0.1686030282896829,51.49126914451215
434,E00014353,12,-0.16515380269271754,51.4911093297431
435,E00014341,10,-0.1681404283839182,51.4923951695739
436,E00014348,24,-0.16583598245380934,51.4917122714718
437,E00014345,1,-0.16351560919600497,51.49177662595232
438,E00014342,6,-0.1615147378528016,51.491736926921575
439,E00014347,29,-0.1595490798113297,51.49246908827801
440,E00014280,17,-0.19663911985151877,51.48804807404199
441,E00014201,5,-0.18324328159178274,51.49184642281339
442,E00014471,2,-0.19577159507353184,51.51286489779477
443,E00014473,223,-0.1988199865547796,51.5103134410109
444,E00014470,1,-0.21262430744257382,51.51479415904863
445,E00014474,7,-0.19296013018661526,51.51022626108159
446,E00014475,1142,-0.19614041170231925,51.510000763079375
447,E00014104,16,-0.17653725789862892,51.49373890212795
448,E00014184,3,-0.18826703006765294,51.49407834692111
449,E00014107,13,-0.17417073534915425,51.493159555946654
450,E00014186,2,-0.18990419340091821,51.49377005080048
451,E00014187,3,-0.18670042601860506,51.4939620785152
452,E00014105,27,-0.17787586988796886,51.493561938737855
453,E00014102,67,-0.17549721605332677,51.49464149746664
454,E00014463,2,-0.2153592914880635,51.51552867452886
455,E00014465,13,-0.22047619456102516,51.5151724076037
456,E00014466,1,-0.21719541837019127,51.51546506852653
457,E00014460,5,-0.22162060340157552,51.51663373592361
458,E00014461,3,-0.2117984983948635,51.51553660462035
459,E00014269,5,-0.19167743254237968,51.49025885975126
460,E00014200,3,-0.18764912740511708,51.49198279087526
461,E00014283,2,-0.1952563814976754,51.49413775939328
462,E00014284,23,-0.19209587282008345,51.49384819884069
463,E00014642,1,-0.21284411176752233,51.519994800037786
464,E00014645,9,-0.18114202863956283,51.48242478905163
465,E00014415,13,-0.21776830871780326,51.51172796343645
466,E00014496,1,-0.1950420217614229,51.51140827836415
467,E00014492,7,-0.20363087454374937,51.51305570335036
468,E00014413,4,-0.21089166943153395,51.51074884636858
469,E00014315,26,-0.20326165163283524,51.52290394951711
470,E00014394,2,-0.2109014169387291,51.499713313069655
471,E00014395,1,-0.20906743276633022,51.49867138860841
472,E00014314,63,-0.20352719679993408,51.5216425848896
473,E00014396,2,-0.2061960540402793,51.49799642221919
474,E00014316,2,-0.21243195802945095,51.52246476954486
475,E00014312,5,-0.21093566614705878,51.524416491823516
476,E00014393,1,-0.2080488131186591,51.49960067140364
477,E00014517,14,-0.18844068476255274,51.495158292291464
478,E00014596,30,-0.15582274463562834,51.48677746924968
479,E00014516,39,-0.18515055875308,51.49530762882509
480,E00014597,182,-0.169044891327258,51.48696929751391
481,E00014514,11,-0.1816479069662845,51.49559198043939
482,E00014595,439,-0.16782908116262138,51.48698363907413
483,E00014295,2,-0.1955577682160416,51.49208795719428
484,E00014217,3,-0.17950278919534093,51.494604930573196
485,E00014294,3,-0.19835646644658564,51.49305745984054
486,E00014095,26,-0.16415791259436105,51.49709459150203
487,E00014094,812,-0.17334953790288146,51.49583019254177
488,E00014097,59,-0.16836385387978364,51.49654793257793
489,E00014096,10,-0.16040887347887944,51.497770012692335
490,E00014093,88,-0.17144145900041874,51.49747790411904
491,E00014404,6,-0.21536627241824433,51.5031790874752
492,E00014484,291,-0.2023788596065788,51.5099215455772
493,E00014485,3,-0.20253123683267446,51.50875740480497
494,E00014406,1,-0.21364506714432702,51.503298534217514
495,E00014486,6,-0.19929495738005804,51.50916857035518
496,E00014483,127,-0.19748378508430262,51.5095293137669
497,E00014368,15,-0.15638249825206585,51.49375967006642
498,E00014361,34,-0.16725786133026427,51.49404837769259
499,E00014654,1,-0.17634775107488676,51.48755287575245
500,E00014656,1,-0.17716665591021782,51.487173799460464
501,E00014652,12,-0.17415635721935666,51.48875357887758
502,E00014550,10,-0.18414654493334107,51.489889124063104
503,E00014552,2,-0.185593455521141,51.487620725207094
504,E00014557,1,-0.1928599796843146,51.487123590442714
505,E00014556,73,-0.19297970721300392,51.487887792226644
506,E00014551,7,-0.1910121803623664,51.48879241125796
507,E00014539,13,-0.18983662690881264,51.49808212278517
508,E00014531,3,-0.1917921159997467,51.49944172815651
509,E00014538,3,-0.18729827718362868,51.49785662558416
510,E00014533,26,-0.18020585332781075,51.49796624636199
511,E00014195,3,-0.1869693618594872,51.49282633296345
512,E00014196,4,-0.17976897896393126,51.49049680375076
513,E00014117,7,-0.1969891674505001,51.50607942611135
514,E00014116,6,-0.1788254999129902,51.49111973477808
515,E00014194,1,-0.184575699590835,51.492295574282586
516,E00014523,10,-0.18616785395229313,51.499919618006416
517,E00014520,26,-0.1885068343971153,51.50196544688408
518,E00014525,25,-0.1842043516734442,51.50123891715149
519,E00014522,7,-0.18270205543180884,51.50068847830962
520,E00014155,117,-0.2036312474804014,51.5149581355821
521,E00014157,12,-0.203556437975479,51.514142279613694
522,E00014154,4,-0.2011396042406745,51.51449443693675
523,E00014153,2,-0.20736366969081074,51.51499231188127
524,E00014150,1,-0.2056684830654415,51.518842672698874
525,E00014056,2,-0.20160153792624166,51.49504077451509
526,E00014054,13,-0.1944128871070276,51.49497098053509
527,E00014644,1,-0.21562083397171006,51.51950496573227
528,E00014564,2,-0.1894976410553404,51.48675976117056
529,E00014566,10,-0.18472000989519866,51.48492751813224
530,E00014563,1,-0.19155236614744692,51.485991798127834
531,E00014562,6,-0.18269341562750283,51.48610967898788
532,E00014497,8,-0.20229289091022393,51.51241462497072
533,E00014446,5,-0.21972955130751348,51.51421632155444
534,E00014447,12,-0.21218689107928349,51.513094934117326
535,E00014140,17,-0.19907657138637355,51.50814149051392
536,E00014141,4,-0.1986794223343897,51.50785568180405
537,E00014142,4,-0.19414906921138797,51.508210070505655
538,E00014143,3,-0.2004093221368091,51.507713418341204
539,E00014145,93,-0.1952454307292977,51.50740482983749
540,E00014147,1,-0.193624180897453,51.50671052609535
541,E00014144,145,-0.19641310413275873,51.508365303522396
542,E00014611,180,-0.16670466637986195,51.484219818823824
543,E00014079,48,-0.1733413460544573,51.49357443407598
544,E00014078,77,-0.16787498437750242,51.49482410154019
545,E00014070,14,-0.19308668334658227,51.49767223911099
546,E00014071,4,-0.1911664795452686,51.49698035696903
547,E00014072,1,-0.1983328501779806,51.49646854810507
548,E00014073,5,-0.19100972118839213,51.49564242207523
549,E00014546,14,-0.1837938549560266,51.486328354556335
550,E00014547,1,-0.18776274768759446,51.48743726982817
551,E00014544,1,-0.18779012493350036,51.49687413548208
552,E00175100,2,-0.2031620043211909,51.49418198374817
553,E00014166,11,-0.2077264183844229,51.51757598334354
554,E00014167,1704,-0.2043722213485063,51.51718943560474
555,E00014339,1,-0.16111091426456947,51.492527928719255
556,E00014331,1,-0.15789548580561039,51.49574477188134
557,E00014421,5,-0.20991119042724732,51.50952288102231
558,E00014131,3,-0.1914698595608022,51.504313684582385
559,E00014133,4,-0.19313910475723642,51.50352337974099
560,E00014108,15,-0.1714489058983781,51.493677773117234
561,E00014189,5,-0.18809924582186363,51.49319388780851
562,E00014087,13,-0.16227926452362976,51.498049913368845
563,E00014086,264,-0.15828325093800558,51.498345441346345
564,E00014127,37,-0.18910387726965722,51.50612955249619
565,E00014126,1,-0.1965081971666579,51.50516029800143
566,E00014124,1,-0.20029999944271196,51.5041681699289
567,E00014379,11,-0.19610395609434098,51.5013323177337
568,E00014488,17,-0.1979613274043147,51.5142458553549
569,E00014304,1,-0.20936266028662182,51.523794378763235
570,E00014307,1611,-0.22135960667505197,51.52732059327408
571,E00014386,12,-0.21199184415171682,51.501175173061355
572,E00014385,24,-0.19758914043255008,51.50056125375788
573,E00014558,1,-0.1815595835957239,51.48745313116008
574,E00014537,10,-0.18491431836368857,51.49825184871621
575,E00014534,11,-0.1816084494345033,51.498656618387734
576,E00014536,6,-0.1820232665637927,51.49801055002419
577,E00014156,9,-0.20598222148293008,51.515083314222295
578,E00014062,11,-0.1963845203750779,51.49913727041987
579,E00014065,9,-0.19781645657188135,51.498657171819545
580,E00014064,2,-0.19471957041726135,51.49917662083907
581,E00014066,14,-0.19307392282825703,51.49838135294635
582,E00014231,4,-0.17333095803980486,51.484379756893524
583,E00014230,54,-0.17563531571058724,51.48431655831553
584,E00014048,5,-0.18951621573550803,51.49566236618799
585,E00014049,2,-0.1952155591348972,51.49575600629205
586,E00014232,10,-0.16973951589139188,51.48325018785038
587,E00014235,12,-0.1747904369295353,51.482459927187016
588,E00014234,3,-0.17260918516696538,51.48292270354857
589,E00014047,6,-0.193458553599957,51.496611772903
590,E00014237,2,-0.1779279129167611,51.48265148787754
591,E00014236,1,-0.17399491986255194,51.4830397975013
592,E00014044,1,-0.195748211706116,51.49774664819274
593,E00014239,13,-0.1787646295149201,51.48179106358451
594,E00014238,27,-0.17622061681543927,51.483048372836926
595,E00014671,5,-0.18420039068532712,51.482566961526125
596,E00014670,1,-0.18268227857537103,51.482998147981775
597,E00014199,2,-0.18985691610721214,51.49240436832642
598,E00014198,12,-0.18557460085105662,51.49252607344817
599,E00014118,531,-0.18799527523552226,51.503819834760336
600,E00014600,3,-0.1655537918630991,51.48615671185177
601,E00014603,35,-0.16117509438390512,51.485246727083485
602,E00014605,5,-0.1657047213209197,51.48541350830873
603,E00014601,3,-0.16131755517348942,51.486205750921656
604,E00014138,89,-0.19077339829235884,51.5083890303477
605,E00014139,8,-0.1946712150846155,51.50902945279156
606,E00014571,1,-0.1855345341738165,51.48416465585097
607,E00014570,1,-0.1881671114210973,51.48477105568263
608,E00014572,14,-0.18935945198988702,51.4837659191368
609,E00014228,4,-0.1691892393638868,51.48432985542717
610,E00014575,4,-0.1886411301875022,51.49078719772498
611,E00014229,1,-0.1680673093795965,51.48374204350892
612,E00014598,4,-0.16358971379844325,51.48622177659655
613,E00014519,318,-0.19107188010223597,51.5007552900635
614,E00014518,9,-0.18624247509506284,51.501600937901465
615,E00014526,3,-0.1878208215131883,51.50108163634013
616,E00014219,31,-0.18719349022615983,51.49454679338097
617,E00014218,41,-0.18094855071780902,51.494193436453415
618,E00014298,9,-0.19836718022898348,51.4918717282124
619,E00014299,47,-0.19484392905169495,51.491178770927924
620,E00014524,5,-0.18788368004067094,51.499881235334286
621,E00014527,15,-0.1835568433919276,51.49891655529775
622,E00014328,616,-0.20834991222721236,51.51865721440826
623,E00014329,5,-0.20995608866007928,51.51879521607984
624,E00014321,11,-0.20728352512863676,51.523042389413284
625,E00014322,3,-0.21095283280108953,51.52096755847687
626,E00014323,8,-0.20778192337854842,51.520321803473166
627,E00175087,5,-0.19753393988490517,51.511268811042044
628,E00014431,2,-0.20965320392727615,51.51533548136524
629,E00014430,7,-0.2141888323919509,51.505706764362884
630,E00014433,2,-0.2109676095466524,51.514125571267165
631,E00014432,5,-0.2090753124286607,51.51479024220884
632,E00014435,1,-0.20810039529239258,51.513146952028585
633,E00014548,8,-0.18436470774619068,51.485642297493996
634,E00175089,1,-0.1868015395156045,51.480415364639335
635,E00175088,2,-0.18621157878701491,51.48133874592264
636,E00014262,2,-0.20053047007565888,51.49087045414371
637,E00014264,2,-0.1966397149694221,51.49171462390347
638,E00014265,2,-0.1989724636778583,51.491461128672086
639,E00014266,4,-0.19848542923166562,51.49081848953618
640,E00014267,3,-0.19392780600478413,51.490782195555674
641,E00014260,2,-0.19492268689771317,51.49297321155239
642,E00014646,15,-0.17200305060985177,51.49080705600171
643,E00014647,10,-0.16592020110313113,51.489592782102136
644,E00014286,12,-0.1910988926483687,51.49320750125244
645,E00014207,1,-0.19092312478473872,51.491279136226154
646,E00014285,15,-0.1916217950078268,51.49176293968588
647,E00014063,2,-0.1929523369809477,51.49921632242723
648,E00014068,3,-0.20025417441062882,51.49796538281871
649,E00014364,2,-0.16480712595070898,51.493547927632875
650,E00014367,24,-0.15811417007730566,51.49374854297852
651,E00014059,4,-0.20061260219721166,51.493920139471804
652,E00014366,3,-0.16367025279068975,51.49460322382371
653,E00014058,4,-0.19844271305333624,51.49386055654963
654,E00014362,5,-0.16492796911823712,51.49502342253574
655,E00014648,33,-0.17066239786282075,51.48896519559643
656,E00014649,4,-0.16732837087949987,51.489892008534724
657,E00014061,6,-0.19446296258975745,51.500163057790026
658,E00014089,1065,-0.16363339044746292,51.49879115105264
659,E00014080,1,-0.1761729730775821,51.49104583160781
660,E00014088,36,-0.16587050226757435,51.49771617402887
661,E00014240,9,-0.18032337042843463,51.481340350795485
662,E00014244,1,-0.17696813883752688,51.481431089855974
663,E00014242,1,-0.1817585207513799,51.481244493154335
664,E00014535,10,-0.18318084808432616,51.49766472723241
665,E00014621,3,-0.21618775967016537,51.523945890438405
666,E00175098,1,-0.1788129496746973,51.487602339950776
667,E00175094,1,-0.20803402750718206,51.52607663108415
668,E00175096,41,-0.16614566133779227,51.4927884085113
669,E00175095,36,-0.21132140060459031,51.52649991868948
670,E00014422,4,-0.2137883672587486,51.509703865766944
671,E00014420,1,-0.20556576755975303,51.50912084469383
672,E00014638,76,-0.22470493578090245,51.52138914044312
673,E00014639,183,-0.21705735450741748,51.51822811667403
674,E00014279,1,-0.19432443234737345,51.48872268082428
675,E00014179,1,-0.20338072185829784,51.51578828709934
676,E00014178,2,-0.2066395290644389,51.51604449501178
677,E00014309,87,-0.20545802365308627,51.52374886665325
678,E00014308,6,-0.20752049040662987,51.52530369340666
679,E00014636,7,-0.2197462706137559,51.521461583037805
680,E00014169,13,-0.2057328608508325,51.51704183532805
681,E00014637,11,-0.22290934588707184,51.520515538652155
682,E00014168,17,-0.2027885831184424,51.51789737434287
683,E00014614,3,-0.21249746735040823,51.5192455345338
684,E00014074,1,-0.19296268610344774,51.495739803250366
685,E00014077,26,-0.19744141014179575,51.49522189176942
686,E00014668,1,-0.17993009217695666,51.48305611389822
687,E00014669,36,-0.17799388928802057,51.48353115888726
688,E00014609,60,-0.1626901760992949,51.48438722007072
689,E00014318,7,-0.20971213125906324,51.52237884511681
690,E00014222,57,-0.18517321203847642,51.47950189439974
691,E00014390,133,-0.20563727251995156,51.50120748625065
692,E00014225,36,-0.17212615709654439,51.4843499016987
693,E00014224,29,-0.17124234300847005,51.485928574858654
694,E00014391,21,-0.1993185778510722,51.49946572286358
695,E00014310,1,-0.2062565776132365,51.52429178128846
696,E00014221,2,-0.181201093261449,51.47844512426891
697,E00014398,11,-0.20624101671395087,51.4968625404638
698,E00014220,175,-0.19002185484450998,51.49439581213532
699,E00014582,10,-0.15639549771686795,51.491144818593526
700,E00014581,19,-0.16680032851795848,51.48760886228978
701,E00014583,226,-0.15648341350198144,51.49238121327157
702,E00014502,4,-0.2017805636632899,51.511264280178686
703,E00014584,193,-0.1583062095018534,51.491577517946425
704,E00014501,42,-0.20017724943205867,51.51176271997061
705,E00014508,10,-0.18263375244825597,51.49628017388919
706,E00014358,11,-0.16361978370717564,51.49566570487055
707,E00014359,6,-0.16129194248959228,51.495829710200844
708,E00014351,2,-0.16238360840834615,51.49106647963791
709,E00014336,3,-0.16334174866343232,51.49032800262199
710,E00014335,2,-0.16734844337824004,51.49123610522786
711,E00014651,1,-0.17668152610575077,51.48821308654658
712,E00014650,30,-0.16736755623750124,51.48868615195198
713,E00014653,81,-0.16872596919126737,51.48811148104447
714,E00014129,1,-0.19693708459368997,51.50382988456579
715,E00014252,2,-0.17935376391291083,51.479379770302764
716,E00014250,16,-0.17603320456876653,51.481084515686234
717,E00014255,1,-0.1836669360441937,51.4784934064384
718,E00014256,8,-0.1808768212657011,51.47948739169271
719,E00014257,2,-0.18280056072862993,51.479198984215934
720,E00014180,80,-0.2045826001121037,51.51572725881228
721,E00014181,2,-0.20031411863258602,51.51527721647002
722,E00014101,1201,-0.17725000526294007,51.49649507029231
723,E00014182,1,-0.18000717990214568,51.48804289269097
724,E00014100,14,-0.16985542953276805,51.49475528836283
725,E00014183,1,-0.18984817623760122,51.49175421588486
726,E00014103,23,-0.17578224180564386,51.49266157285107
727,E00014469,9,-0.21749035206113337,51.51442041373938
728,E00014209,5,-0.18146966546456608,51.49050792242921
729,E00014401,9,-0.2069518240872886,51.505799153992484
730,E00014489,16,-0.2000100788575228,51.513829626816204
731,E00014400,3,-0.2045844202058867,51.50654238220827
732,E00014403,1,-0.21338792974232784,51.50413011631764
733,E00014402,57,-0.21434446332470275,51.50470726570172
734,E00014482,3,-0.1950226286822143,51.509773017092876
735,E00014409,6,-0.20764835591757913,51.50785715823304
736,E00014134,1,-0.19305997596919397,51.50364663766936
737,E00014419,6,-0.21786098202657606,51.510441831726695
738,E00014137,5,-0.19323007201643053,51.502156472755466
739,E00014411,4,-0.20644894904707997,51.510910632292884
740,E00014136,109,-0.1917421275674709,51.50237808285208
741,E00014410,15,-0.2090208404794013,51.50676349353433
742,E00014491,3,-0.19756005216624645,51.51323635339449
743,E00014498,1,-0.20549445188288845,51.51177048925108
744,E00014135,137,-0.1949578312551319,51.502063788219786
745,E00014577,7,-0.19014849324456415,51.489952610721375
746,E00014327,14,-0.20916768853941908,51.519876712686525
747,E00014324,25,-0.20649017757864657,51.52181497878161
748,E00014370,5,-0.1661405536817805,51.49406498940165
749,E00014377,8,-0.2035149075171251,51.49835489634948
750,E00014374,1,-0.1986112712803227,51.50174599683508
751,E00014376,1,-0.2084745357939397,51.49878854606751
752,E00014371,10,-0.1602567124485801,51.49355715225676
753,E00014046,29,-0.20444806150330316,51.49625677996509
754,E00014592,27,-0.1638980515677296,51.4883956877154
755,E00014512,4,-0.17988448012868322,51.49605204014743
756,E00014593,14,-0.16539095607695256,51.487825427048335
757,E00014594,3,-0.16106269462929962,51.48786645024421
758,E00014590,12,-0.16132669021173965,51.48964989611336
759,E00014511,1,-0.1842152350603393,51.49602109965671
760,E00014191,15,-0.17994002597527384,51.49233590685601
761,E00014193,96,-0.18237378085011038,51.4933795668651
762,E00014190,68,-0.1846119432716171,51.494200829213455
763,E00014111,12,-0.1735757580473536,51.49200839960119
764,E00014528,9,-0.18476607020138672,51.50038890676178
765,E00014607,26,-0.16826753193458632,51.48574175225128
766,E00014050,5,-0.19219148472448497,51.4950312282572
767,E00014055,5,-0.19826550371365265,51.49493054062467
768,E00014591,22,-0.1624585248992129,51.488902949519364
769,E00014510,2,-0.18553384767098863,51.496124611427824
770,E00014210,9,-0.18289429840456883,51.49120628040042
771,E00014290,1,-0.1934092566330731,51.49340867550241
772,E00014213,13,-0.17973228855542125,51.48923011693014
773,E00014291,93,-0.1943294280382517,51.49211122825139
774,E00014212,19,-0.17858348665612583,51.48974640927501
775,E00014292,44,-0.19302537932301383,51.49252724053076
776,E00014215,1,-0.1776796324117176,51.48862495392082
777,E00014211,9,-0.1772230085460169,51.48987953961562
778,E00014098,2,-0.16626164110013253,51.49627058793593
779,E00014099,6,-0.16900946380415482,51.49596842096708
780,E00014090,33,-0.16683719051866566,51.49781606386978
781,E00014091,2,-0.16884225564104655,51.49819879170588
782,E00014437,8,-0.21081129798955361,51.512344650851354
783,E00014434,8,-0.20963592444855772,51.513616358116316
784,E00014541,1,-0.1806769225019665,51.49703219219934
785,E00014543,2,-0.1857699097154756,51.496925351076655
786,E00014540,3,-0.18195059358820057,51.49735610432437
787,E00175101,4,-0.18326416495858738,51.48059551255482
788,E00014161,1,-0.20650736394428673,51.51362228212565
789,E00014160,969,-0.205343736583294,51.5132553468022
790,E00014165,1,-0.2054866516215977,51.51801394151156
791,E00014164,1,-0.20389276613410107,51.51868129510263
792,E00014429,2,-0.2148884104328151,51.507042216412536
793,E00014441,187,-0.21532937841602673,51.512742618094215
794,E00014440,17,-0.21031890406107834,51.51615329994933
795,E00014442,3,-0.21408875236760164,51.51390841130725
796,E00014445,1,-0.2198416082686273,51.513340509017176
797,E00014109,4,-0.17046092155881398,51.49222083937785
798,E00014083,23,-0.161550536538404,51.50038175476691
799,E00014084,230,-0.15934722929454073,51.50084984875522
800,E00014085,22,-0.16053004305588442,51.4994724252892
801,E00014081,3,-0.17610416024019004,51.4903609694122
802,E00175092,15,-0.18325538289922727,51.48154826564402
803,E00175093,86,-0.2108116357601448,51.52559833291848
804,E00175090,45,-0.1775503688477782,51.49221042170646
805,E00014622,3,-0.21770039827873836,51.52337045510156
806,E00014625,31,-0.2204808101649026,51.52350716254549
807,E00014426,13,-0.20485688152446616,51.508053022873526
808,E00014427,4,-0.21252806124429932,51.50668082989069
809,E00014633,1,-0.22137581313670077,51.522421489985625
810,E00015195,4,-0.11019238284212038,51.506761375377685
811,E00015704,38,-0.1185904166356788,51.49043670897556
812,E00015706,9,-0.10810366669141706,51.48953783482733
813,E00015201,15,-0.10937478965376793,51.50478788849755
814,E00171529,30,-0.1267252655656879,51.48165347707041
815,E00015650,12,-0.11723255152723187,51.47987466007022
816,E00015768,3,-0.12348388954021063,51.47583588773166
817,E00015178,5,-0.1089822781012772,51.50031938814345
818,E00015168,25,-0.11339284709367572,51.4975387179361
819,E00015508,1,-0.09926339266547989,51.46591648058121
820,E00171549,100,-0.10608843439538417,51.49312337710015
821,E00171548,36,-0.11410530293158433,51.49000332568734
822,E00015176,12,-0.11765476725433147,51.5014990211379
823,E00015175,41,-0.11075090311439699,51.50119235621358
824,E00016089,4,-0.11233382408048904,51.476933335199256
825,E00015187,8,-0.11409001178021419,51.49629240034501
826,E00016074,1,-0.11091134151639943,51.47847839387742
827,E00016077,1,-0.10318562308515863,51.47742996978802
828,E00015683,70,-0.11951658364462149,51.493206920209495
829,E00015684,2,-0.10811420680039759,51.49307134557047
830,E00015682,2,-0.11513674736723647,51.492826755386716
831,E00015166,677,-0.11759243035213839,51.499298563464826
832,E00015167,4,-0.11103629336884525,51.49923782009266
833,E00015622,56,-0.1188415941207139,51.48551768781815
834,E00015625,59,-0.10911055919128869,51.484071730063754
835,E00015627,53,-0.12197385781988394,51.48264299720608
836,E00015624,12,-0.11876839412903178,51.48425347249559
837,E00015623,236,-0.12246409117878436,51.48519234497148
838,E00015678,190,-0.1100292863377988,51.48595436241691
839,E00015673,1,-0.11349072830809198,51.48763363566635
840,E00015670,1,-0.10870609085803609,51.48825229868838
841,E00015672,28,-0.11080217865417935,51.4881230563096
842,E00015675,8,-0.11950098034668376,51.48781577519303
843,E00015695,5,-0.10522231363596907,51.489489899335254
844,E00015696,1,-0.10851955249935097,51.49085403066618
845,E00015693,2,-0.11688757895279908,51.491507108321926
846,E00015199,1,-0.10820345377260594,51.506119316542076
847,E00016084,1,-0.11386044754086298,51.47674481620386
848,E00015189,4,-0.11539887424325854,51.494811782767634
849,E00015633,14,-0.11227223330665306,51.48105918093173
850,E00015690,4,-0.11439701063722038,51.49174920669027
851,E00015792,5,-0.11982670302126823,51.47741157853506
852,E00016071,23,-0.10920538505412414,51.47962714786506
853,E00016072,6,-0.10621963108784961,51.47891135162933
854,E00015701,3,-0.11880708684122586,51.4910060046206
855,E00015184,27,-0.11866981764203449,51.49491697176735
856,E00015183,4,-0.1174354820598746,51.49669634368294
857,E00015638,24,-0.11485190182363483,51.48405329091976
858,E00015631,11,-0.10779754116525422,51.481817444281404
859,E00015686,7,-0.11055369766146424,51.49294321183347
860,E00015202,13,-0.11022337226997801,51.5035101321514
861,E00015181,13,-0.11341555095928087,51.49886387919196
862,E00015676,2,-0.11640381419140072,51.48746411784268
863,E00015674,9,-0.10905411868273089,51.487395130140115
864,E00171540,6,-0.12549696849434616,51.48644658653851
865,E00171543,1,-0.10456251103896642,51.492163291399166
866,E00171542,1,-0.1211067808647122,51.491960392251244
867,E00171545,104,-0.12158826070694294,51.48685123077818
868,E00171544,80,-0.1218892858929552,51.48961579957814
869,E00015687,392,-0.11811794405748842,51.492646943685614
870,E00015252,3,-0.14579745968065416,51.45889924596155
871,E00171539,42,-0.12696785467138322,51.48546244320547
872,E00171538,1,-0.12451347867830535,51.48619410085121
873,E00015192,1,-0.11382748041020997,51.49543414269893
874,E00016079,1,-0.11383150473911527,51.47790892401161
875,E00016078,5,-0.10547413168786267,51.47769861879895
876,E00016086,1,-0.10151697529748836,51.47679568724476
877,E00015629,1,-0.11288988679183885,51.48342884752719
878,E00015641,7,-0.11638706036040693,51.480939048136825
879,E00015640,6,-0.12291131683075386,51.481062960523765
880,E00015643,2,-0.11889068636405971,51.48063531845365
881,E00015642,2,-0.12029578956744276,51.48003128257529
882,E00015662,2,-0.11138131022026664,51.485135194916545
883,E00015664,3,-0.10848365848998137,51.48790998747603
884,E00015660,10,-0.11552472628338896,51.48600704636576
885,E00015661,14,-0.11228637137451553,51.4864597490545
886,E00015169,3,-0.11281822226560827,51.4940955819425
887,E00015646,1,-0.12490050240957223,51.47997393600617
888,E00015644,1,-0.11257699475864819,51.48018372355933
889,E00015645,2,-0.11339997227539497,51.479421300524294
890,E00015796,1,-0.12172545880544264,51.47789252169464
891,E00016073,3,-0.11201181719528806,51.478208879945754
892,E00016075,7,-0.10798804041332058,51.47707178297629
893,E00015703,7,-0.11125496707980345,51.489831728771776
894,E00015655,4,-0.12377083763463263,51.4791601519079
895,E00015657,2,-0.11398487102581836,51.47861631995149
896,E00015656,1,-0.1277582623159591,51.4789607517382
897,E00015653,2,-0.11300522597761996,51.47910192019932
898,E00015171,106,-0.108424252570875,51.503209855610066
899,E00015173,11,-0.10832840161217167,51.50188877639537
900,E00015172,45,-0.107436498676764,51.503919947164384
901,E00015635,11,-0.11364749046570465,51.481802072800086
902,E00015185,2,-0.1109337806359599,51.49759960142266
903,E00015182,2,-0.10966050335524556,51.4991426052672
904,E00015198,1,-0.11051748586402013,51.50568560588075
905,E00015420,1,-0.1329052617144887,51.4624342482604
906,E00015788,8,-0.1305284991816894,51.47843710272843
907,E00015789,7,-0.12271442334554107,51.47887782344384
908,E00015180,1092,-0.11447397560170537,51.50325784889954
909,E00171537,67,-0.1253260169229199,51.48517771754006
910,E00171536,7,-0.12662067737587177,51.48479268032271
911,E00171533,279,-0.11282243778956402,51.50634323626983
912,E00171535,129,-0.11839070366658683,51.50312968253468
913,E00171534,2,-0.11688871607731507,51.50250912779708
914,E00016593,1,0.004747697791279087,51.456027575210534
915,E00016171,1,0.008826973091006385,51.470486213362676
916,E00016441,1,-0.038055922314518396,51.4888495183283
917,E00017645,1,0.04095256720493197,51.5350604941067
918,E00175027,1,0.009154460173371067,51.547139722300294
919,E00019078,1,-0.2348424693681334,51.48591999454432
920,E00020264,8,-0.07781353914897257,51.50187701567827
921,E00166637,398,-0.09947787210237233,51.49935873525039
922,E00020009,5,-0.08594239916975059,51.50166051611941
923,E00019999,1,-0.0875498629153337,51.488854616333306
924,E00019847,6,-0.09159345425315153,51.499782080810704
925,E00020018,9,-0.08267181936141714,51.49563234123963
926,E00019829,1,-0.09597294819906822,51.49632339314175
927,E00019770,3,-0.10182261205816498,51.49567655734503
928,E00019773,1662,-0.10179190620004608,51.5074781241777
929,E00019774,238,-0.1069416901429421,51.50791494190579
930,E00019777,62,-0.10539531022578703,51.50705349141086
931,E00020204,1,-0.07915589942426021,51.48141645580876
932,E00019806,2,-0.10372845555048646,51.49640035560212
933,E00019933,2,-0.07972341815235857,51.4870687414408
934,E00166640,7,-0.09717051231873139,51.50179777448482
935,E00019735,1,-0.09811370411840185,51.47799976629066
936,E00019736,1,-0.0881674522890089,51.47753893968362
937,E00019732,1,-0.0901708933205124,51.4773029442498
938,E00019811,1,-0.08776665412491459,51.49863362664845
939,E00168029,21,-0.08191987951402209,51.49848958995601
940,E00020119,12,-0.09584107730741287,51.48559676148939
941,E00168013,1,-0.08294009371010018,51.478212029017655
942,E00020015,2,-0.08143347998668293,51.49503870750917
943,E00020014,2,-0.07909530900423081,51.495284220980615
944,E00019968,1,-0.092665128031317,51.487465021160894
945,E00020036,11,-0.08798984550222683,51.501640446845464
946,E00020034,96,-0.08090622428062529,51.50161958659043
947,E00167496,9,-0.09436390830275557,51.50130436685246
948,E00167497,29,-0.09316164054375664,51.50316796617109
949,E00167490,3,-0.07910577256799556,51.5008011524337
950,E00167491,6,-0.0978193539341747,51.48989252062395
951,E00020024,1,-0.0821776900847893,51.49420850186705
952,E00020027,15,-0.08087068937524959,51.49352513183509
953,E00020115,3,-0.09934465786908404,51.48617446045143
954,E00020039,2,-0.08627150773022489,51.50003334365652
955,E00167481,2,-0.09652577571540458,51.50671170440154
956,E00167480,13,-0.0988361151437372,51.490200952266036
957,E00019797,3,-0.09734308807109868,51.4998235402913
958,E00165809,1,-0.10552184195627147,51.50115559344489
959,E00165808,4,-0.10692274021552657,51.50080602130606
960,E00019959,2,-0.0822279290354561,51.489865721362705
961,E00019796,2,-0.1032629806741609,51.50050253057766
962,E00020005,19,-0.09401755726942196,51.487597884625806
963,E00167763,4,-0.09983789585808267,51.492792528593064
964,E00167760,73,-0.1016827699244353,51.49438318411057
965,E00167766,6,-0.08957510019545854,51.49958614458424
966,E00019983,3,-0.09321536744367977,51.484956789417424
967,E00019984,7,-0.08442576806068965,51.48605777475456
968,E00019981,149,-0.08344219348392937,51.48348546030253
969,E00019780,21,-0.09387877502495726,51.50553291963247
970,E00019781,53,-0.10366115285131836,51.50538776433628
971,E00019782,1,-0.09614458793666263,51.505839643464924
972,E00019783,23,-0.09576195444631273,51.504155387388685
973,E00019761,1,-0.10054206959894141,51.47915512346324
974,E00019760,1,-0.09788347828911262,51.47949604751298
975,E00019763,2,-0.08822527341149518,51.47923921037202
976,E00019762,9,-0.10270456183119242,51.47874079695747
977,E00019756,6,-0.09523833262921036,51.47951493375079
978,E00020137,5,-0.1027627768001421,51.491087657104664
979,E00020136,1,-0.10050659480122887,51.49225552177581
980,E00020134,1,-0.10588440590137096,51.48007632457563
981,E00020139,10,-0.10041871625112073,51.490237646407195
982,E00020138,1,-0.10412513999430895,51.489676371385464
983,E00019810,3,-0.09529986173590907,51.49883513089526
984,E00019813,7,-0.0973003563867877,51.49770452065494
985,E00019978,1,-0.09288173725155238,51.48624752315569
986,E00019979,2,-0.09120598597582931,51.48639056881107
987,E00020306,1,-0.05000151384839883,51.49916988117743
988,E00019801,18,-0.10129490499372894,51.4978445985328
989,E00019800,8,-0.10672175683883538,51.49920310047226
990,E00020099,2,-0.10075454931656395,51.48187454808308
991,E00019953,1,-0.08249023229762398,51.49098240129194
992,E00019956,2,-0.08432203317840357,51.49011764278381
993,E00019957,2,-0.08696748675489584,51.490091334789604
994,E00020207,1,-0.07662339093338917,51.479550500574014
995,E00020003,2,-0.09136456890565545,51.48807397937246
996,E00019839,81,-0.08949442654778428,51.50329852169141
997,E00019831,2,-0.0949129604699414,51.495622306537705
998,E00168079,10,-0.09150901034322485,51.501794408478425
999,E00020100,2,-0.10158766917114695,51.49078765620817
1000,E00020040,3,-0.08758678246863258,51.500843983065394
1001,E00019927,3,-0.0907593645725593,51.48959143942114
1002,E00166633,21,-0.0996398147562888,51.50249750101072
1003,E00166630,5,-0.08999846516330849,51.497769857225364
1004,E00020031,1,-0.08261726989997843,51.49236838594275
1005,E00020030,1,-0.07816819604391624,51.49173524157014
1006,E00020033,2,-0.07876470269459328,51.490215655679364
1007,E00168027,129,-0.08249005179679982,51.4993864206993
1008,E00168026,29,-0.0802615591808336,51.49867886690664
1009,E00019723,3,-0.10097126493170987,51.48011206896718
1010,E00167508,2,-0.08068721907822689,51.4789611471159
1011,E00167505,21,-0.08071056580406039,51.47975916112194
1012,E00019949,5,-0.0886187450517497,51.49117916259854
1013,E00166632,507,-0.09765333466579387,51.50753426212047
1014,E00167979,300,-0.09719296414024162,51.49375572562437
1015,E00019923,15,-0.08472026357125788,51.49273913592169
1016,E00020096,2,-0.0979956525573894,51.483348128143355
1017,E00019960,86,-0.09421785695165966,51.49043153815288
1018,E00019963,11,-0.07993905961545479,51.48961632438185
1019,E00167992,8,-0.09101460131078265,51.500689789707735
1020,E00167482,6,-0.10437838892175835,51.49854404355108
1021,E00167982,50,-0.08106613575407604,51.50007842783217
1022,E00167981,5,-0.09260261244693944,51.49153982392534
1023,E00167987,3,-0.08480659112529373,51.49918993062557
1024,E00167985,5,-0.09614075246790445,51.49123085936497
1025,E00020260,12,-0.07587629237397857,51.50369255142552
1026,E00020006,4,-0.08831020012888065,51.487780082229804
1027,E00020007,3,-0.08490693072706328,51.48713118907209
1028,E00019841,1,-0.09000916174184037,51.501273977445486
1029,E00019842,11,-0.09375986066290123,51.500338303555836
1030,E00020126,2,-0.10009905765235855,51.4841265774751
1031,E00168082,3,-0.09916122969391551,51.49531863942715
1032,E00020255,354,-0.08196596097376922,51.50469704993968
1033,E00020133,1,-0.1035017056213811,51.48081550710531
1034,E00020106,4,-0.0984968756468692,51.48777449139324
1035,E00020107,1,-0.10323776723346387,51.48815192921145
1036,E00020008,1046,-0.08561148460490221,51.50335547133077
1037,E00168018,3,-0.0824865859513331,51.48063876913365
1038,E00019931,5,-0.07802056748648462,51.48804643375473
1039,E00019738,1,-0.09360406999920934,51.475780747609086
1040,E00019731,1,-0.09779113369605603,51.47715312892822
1041,E00019995,8,-0.08914125924330751,51.481758898609606
1042,E00019997,5,-0.0931960788199572,51.4804447119432
1043,E00019766,200,-0.10844010183011978,51.49596460187521
1044,E00019764,1,-0.09087103750803312,51.47900005969772
1045,E00019823,1,-0.0924977260689507,51.497759706783675
1046,E00019822,19,-0.08350632295271573,51.49650105086089
1047,E00019824,1,-0.09378910065378408,51.49651725177137
1048,E00019825,1,-0.08943171757851254,51.496726045461
1049,E00019818,32,-0.08158573434094205,51.497468611953934
1050,E00019819,2,-0.09559262594145994,51.49708516979574
1051,E00167975,2,-0.08153325668486261,51.47752435643509
1052,E00019778,4,-0.10206839274304733,51.50738591571768
1053,E00019779,889,-0.09145722342626644,51.50606847877347
1054,E00020035,99,-0.08244476201774445,51.50147757754732
1055,E00019728,2,-0.08968967794848502,51.4783366768321
1056,E00019815,2,-0.08611464899535363,51.498396728137756
1057,E00019814,1,-0.088472523081665,51.495995321903806
1058,E00019812,7,-0.09387234563586377,51.4985190143068
1059,E00019802,1,-0.10660528857605747,51.49990454760697
1060,E00019805,5,-0.10830559207375345,51.49815070282274
1061,E00020010,58,-0.08392806786904976,51.50015078386055
1062,E00020012,7,-0.07735685400160446,51.49637893038582
1063,E00019785,4,-0.1024114290815538,51.50336205979616
1064,E00019707,1,-0.08420399360648295,51.47747677353063
1065,E00019706,12,-0.08618814606395038,51.47915144924887
1066,E00019784,175,-0.09901300966779841,51.504434855820264
1067,E00019705,21,-0.08354987119639579,51.47972351793506
1068,E00019726,1,-0.0970170349090709,51.47855333611111
1069,E00019727,3,-0.09378086469215466,51.47797486999307
1070,E00167499,3,-0.09914839507384504,51.49587479722689
1071,E00167494,2,-0.09544118026806855,51.502827811197655
1072,E00020021,2,-0.08406519260683672,51.49405649972446
1073,E00020111,9,-0.10432655646172177,51.48785686801005
1074,E00020113,15,-0.09631912842726847,51.48785642389163
1075,E00020112,2,-0.10680382226350565,51.48713683731353
1076,E00167479,1,-0.09864292073781593,51.49111378715173
1077,E00167478,2,-0.0992221610331118,51.49157448699389
1078,E00019836,4,-0.09224085793289885,51.49489213578918
1079,E00019947,1,-0.08622615718082906,51.49171981064712
1080,E00020110,3,-0.10132692893709921,51.487639502630174
1081,E00020102,2,-0.10013101020870219,51.487313983005706
1082,E00020105,1,-0.10337746183288042,51.48911792669143
1083,E00020044,24,-0.07782797544668786,51.49934561774414
1084,E00020043,1,-0.07876572771194941,51.49855208951327
1085,E00019929,3,-0.09415212451606764,51.488659860197345
1086,E00019788,21,-0.10295460464090038,51.5030396143046
1087,E00168023,1,-0.08334927935802734,51.4987516440837
1088,E00019945,4,-0.08827749348054542,51.49256073659826
1089,E00019755,2,-0.09847847589076722,51.48088914724569
1090,E00019754,36,-0.09532738794193961,51.48193975764727
1091,E00019943,13,-0.09030114786629181,51.49366491275706
1092,E00167995,12,-0.08438261255326504,51.49634660993472
1093,E00019791,4,-0.09562936902219717,51.50092497869115
1094,E00019793,32,-0.10562000048361649,51.50359027445341
1095,E00019794,4,-0.09822039185080403,51.50044905586358
1096,E00019790,10,-0.10272986125674513,51.501176347110146
1097,E00019740,1,-0.09709585776693248,51.476099322075
1098,E00019967,5,-0.09348391327247284,51.48352839841156
1099,E00019962,2,-0.09284732648433806,51.489066133464405
1100,E00020685,4,-0.1717664923914271,51.35158991891299
1101,E00021694,1,-0.07051139998967487,51.52099212423198
1102,E00021266,1,-0.031762825821762604,51.54172958692377
1103,E00021689,36,-0.07669616851954314,51.517504571600924
1104,E00021238,1,-0.011055339365577753,51.503241545988466
1105,E00021692,85,-0.07765016306121278,51.520456435332356
1106,E00021686,17,-0.07501483149133027,51.5188706335469
1107,E00167139,1,-0.005003047231162756,51.50707384286484
1108,E00021681,1,-0.07326466610370015,51.52093420779677
1109,E00021230,1,-0.004948033454070732,51.48863744512207
1110,E00021628,143,-0.07464310122192454,51.50801571869962
1111,E00167177,1,-0.07357252489376044,51.52401072879499
1112,E00021813,1,0.006212492792630715,51.562239194835534
1113,E00021899,1,0.014256009734292535,51.637181886884015
1114,E00170943,31,-0.15198391002515738,51.48073206632448
1115,E00022966,3,-0.1439787771308429,51.47302302167596
1116,E00171047,17,-0.14713824474790338,51.479627757501625
1117,E00022910,1,-0.16671256725222539,51.463191091936565
1118,E00023068,2,-0.167805525867592,51.47682309201581
1119,E00171061,8,-0.16934311356561071,51.480051557987075
1120,E00022980,1,-0.13952770963335112,51.47703693067171
1121,E00022981,1,-0.1431731782529731,51.47807632984059
1122,E00023052,17,-0.16701911253171464,51.47956776349503
1123,E00171066,1,-0.14077583153653755,51.479222794175186
1124,E00022977,1,-0.15269872682613075,51.476682256294346
1125,E00022974,62,-0.13403518677870707,51.48044126592884
1126,E00022975,6,-0.14624843297711132,51.47648665794721
1127,E00022972,27,-0.14313321491466444,51.481334280565825
1128,E00022952,669,-0.15931593691678508,51.478719711292605
1129,E00171041,24,-0.147850814083651,51.48217640257985
1130,E00170946,1,-0.14838202925038194,51.476894140233036
1131,E00022684,1,-0.18750861727359758,51.45848727955866
1132,E00171068,1,-0.1403992212727125,51.47950810331865
1133,E00023059,2,-0.171371029211449,51.477968678320124
1134,E00023054,41,-0.1714187170476105,51.47943386467366
1135,E00023056,10,-0.16906567749842966,51.47808713073804
1136,E00170968,10,-0.14880865790465464,51.48152542641027
1137,E00024125,16,-0.139982423225775,51.51888215201666
1138,E00024126,10,-0.1406988820942953,51.51950282924398
1139,E00023936,3174,-0.12841348063597666,51.505058326962974
1140,E00023932,672,-0.12338404683214407,51.51265071618975
1141,E00023516,1,-0.15973558215542819,51.524183361562045
1142,E00023719,2,-0.18015656541186392,51.51403387688934
1143,E00023714,55,-0.18819329622079226,51.51467922005074
1144,E00024085,7,-0.1985486477456235,51.517573242818074
1145,E00023814,1,-0.14149534996645796,51.52172428459516
1146,E00024007,6,-0.13953441703164035,51.49503741954542
1147,E00023817,13,-0.14589481360997886,51.52317734796903
1148,E00023815,2,-0.15508998454089923,51.5210377688238
1149,E00175263,1,-0.16681161839347963,51.52656621732751
1150,E00023699,9,-0.18157792221195787,51.5112962936834
1151,E00023618,24,-0.1768959467629428,51.51525809123487
1152,E00023690,3,-0.15367095901388006,51.49682752259474
1153,E00023610,2,-0.19774441277174762,51.524317940100076
1154,E00023691,6,-0.1915743045935628,51.510382665165785
1155,E00023698,36,-0.18669843033453992,51.51142270414351
1156,E00023619,5,-0.17608005577557034,51.51942689691797
1157,E00024127,45,-0.13853613594557157,51.518887612168506
1158,E00023937,642,-0.14135301817527177,51.50562581466703
1159,E00023934,143,-0.12642560312712683,51.51012173241808
1160,E00023935,993,-0.13223914539380807,51.50749970016957
1161,E00024124,165,-0.1439901875653636,51.51904108719704
1162,E00023556,4,-0.14168787490177936,51.48554704317676
1163,E00023557,11,-0.15042023689445871,51.49236741888313
1164,E00023554,1,-0.1411809677622803,51.4862646924774
1165,E00023634,1,-0.16747128259453653,51.51346639685852
1166,E00023632,9,-0.1642878364582318,51.51412938707023
1167,E00024138,133,-0.1323472755137733,51.512168804360996
1168,E00023989,1,-0.13583402429520233,51.49115199997793
1169,E00023480,10,-0.19298546556205798,51.51321116151209
1170,E00023489,14,-0.16208985903001472,51.51915410190682
1171,E00023482,4,-0.19237770873703336,51.51393787735648
1172,E00023481,16,-0.19816038539902725,51.5151350703545
1173,E00023484,2,-0.19513213394141973,51.51879127892943
1174,E00023483,3,-0.18565056475274017,51.5185774546093
1175,E00023487,134,-0.1662563654736743,51.5200118402167
1176,E00023486,10,-0.16099507365514107,51.523097905210946
1177,E00023713,7,-0.18147647352654883,51.51511715697187
1178,E00024050,220,-0.14843822346544872,51.49364879936627
1179,E00023821,36,-0.15148748920196917,51.52171693219356
1180,E00024053,14,-0.14369919913856716,51.492124719922096
1181,E00023820,2,-0.14408322571120166,51.520860064062205
1182,E00024052,2,-0.1387983385716907,51.49175462552701
1183,E00023823,30,-0.15369267655562138,51.521015354251674
1184,E00024055,5,-0.14102428558996277,51.49145569390542
1185,E00023822,33,-0.15641404583465549,51.521597208345014
1186,E00175198,260,-0.18581420259336132,51.512163128251316
1187,E00023528,1,-0.1596281809178491,51.520397238906504
1188,E00023523,4,-0.16041431381640694,51.521567178610425
1189,E00023521,15,-0.15938939839111696,51.52235555005375
1190,E00023498,1,-0.16238087908488988,51.51805512996714
1191,E00023746,63,-0.17798843934878925,51.52373184211246
1192,E00023503,14,-0.158083715473672,51.516017008372295
1193,E00023505,2,-0.15901952390203447,51.51671987728789
1194,E00023502,4,-0.16111821201026194,51.51702404512365
1195,E00023586,1,-0.20079882731058443,51.525791849738845
1196,E00023507,43,-0.1629018561071689,51.515639855596795
1197,E00023500,3,-0.16494432407638274,51.517372806356704
1198,E00024078,5,-0.19955802299988648,51.519777170780756
1199,E00023848,3,-0.14797574721304016,51.52263829794888
1200,E00023849,1,-0.20450643334212715,51.526695730825466
1201,E00024070,5,-0.14652829602109307,51.489763449974596
1202,E00023672,16,-0.16895029429701255,51.50113020981057
1203,E00023504,52,-0.16427204466984138,51.51648120787584
1204,E00023506,26,-0.16016149984843137,51.515614351152486
1205,E00023501,12,-0.1626038457784729,51.516895027298176
1206,E00024056,1,-0.1456511303401139,51.49108930379082
1207,E00024059,2,-0.14103464970433807,51.49059679648942
1208,E00024051,4,-0.14567321954529686,51.492690852732366
1209,E00023759,21,-0.18016956814772794,51.5225064527767
1210,E00175249,509,-0.13551464031194468,51.500638425718655
1211,E00024109,146,-0.1489130047215164,51.508336031202404
1212,E00023780,2,-0.19441100094680275,51.527228884752844
1213,E00023781,2,-0.1886685794943466,51.52650756313799
1214,E00023701,1,-0.18772614538865998,51.51130735227236
1215,E00023703,127,-0.18589268405740536,51.510959484573846
1216,E00023700,29,-0.18872979697739686,51.51059038215478
1217,E00023783,1,-0.19295248064811307,51.52671681606058
1218,E00023708,5,-0.1825833247533458,51.51502868519431
1219,E00023709,3,-0.18433929451560566,51.51558609210195
1220,E00023928,171,-0.1287046786093622,51.51161064616604
1221,E00023921,48,-0.15742114620221628,51.52276097341251
1222,E00023929,554,-0.13044461855844977,51.51020040268798
1223,E00023720,14,-0.18482918146110033,51.513590259774425
1224,E00023570,6,-0.16660197285380698,51.52275933666433
1225,E00023499,24,-0.16595097105513323,51.51836608405107
1226,E00023431,1,-0.18139625277545957,51.52985502595023
1227,E00023807,4,-0.19108110858051808,51.52832772540931
1228,E00024036,2,-0.14003831463541064,51.489402228643385
1229,E00175279,2,-0.19540885086360524,51.52130388994693
1230,E00024110,426,-0.13902983486368592,51.51310623023287
1231,E00024112,408,-0.13732102040228705,51.51023349175156
1232,E00024117,163,-0.15312850460306926,51.50956794551161
1233,E00024116,141,-0.15069682663250578,51.51085776426222
1234,E00023459,11,-0.1899793533232742,51.518770477292904
1235,E00024119,24,-0.14820612762363536,51.50664701295786
1236,E00024118,361,-0.15180046345032955,51.50756906151288
1237,E00023546,2,-0.1502545646608731,51.48659398535988
1238,E00023543,9,-0.14180630963587254,51.48726961534996
1239,E00024092,48,-0.20003877336949932,51.52340019813762
1240,E00024014,1,-0.13817389526235124,51.4934221677963
1241,E00024094,5,-0.19128973233892846,51.52362630876636
1242,E00175228,10,-0.12871402915872618,51.49535574034628
1243,E00175229,7,-0.13007924814963423,51.495532697444794
1244,E00175225,13,-0.1366853279920681,51.486627727019176
1245,E00175226,247,-0.1308961082232519,51.5012296552579
1246,E00175227,3,-0.12833910369406612,51.496441153115974
1247,E00024114,177,-0.14799576296836808,51.514058917638415
1248,E00024001,8,-0.13439484058028867,51.492303831537164
1249,E00023811,9,-0.14998923110821571,51.52246993578176
1250,E00024080,17,-0.19760264394000604,51.52051652677958
1251,E00023899,11,-0.16743878166124318,51.53006831821777
1252,E00023721,19,-0.19121970343635253,51.51437848489991
1253,E00023662,1,-0.15007816270720256,51.49499035161347
1254,E00023663,2,-0.1521972175938781,51.49455594961189
1255,E00175269,63,-0.16917907236622245,51.524853696422305
1256,E00023960,13,-0.12946645038252683,51.51242604633458
1257,E00023965,13,-0.1360751710523789,51.487692685662275
1258,E00023963,2,-0.13477919138291966,51.489231601836266
1259,E00023967,2,-0.13830422563846712,51.48861276518238
1260,E00023969,4,-0.13684843434565264,51.48873465281304
1261,E00023903,19,-0.16861046246934686,51.52801473729284
1262,E00024135,34,-0.15123863726287165,51.51368734660119
1263,E00023902,3,-0.17090871596461496,51.52770243242272
1264,E00024134,104,-0.13390044351345093,51.5131292006117
1265,E00024133,594,-0.13098577602730202,51.513776196687324
1266,E00023682,9,-0.1527648103489825,51.49859718953703
1267,E00023684,1,-0.16924920809448127,51.49970177321231
1268,E00023602,1,-0.19291702064187233,51.5257162268263
1269,E00023604,7,-0.1982007328961291,51.525243468797235
1270,E00023605,2,-0.19383934915569664,51.525104174497606
1271,E00023686,4,-0.16695365106240048,51.49963871477165
1272,E00023685,2,-0.16815838895033125,51.49954963566535
1273,E00023600,2,-0.1944204645859029,51.52606775742246
1274,E00023681,14,-0.16499533355371065,51.50059832161834
1275,E00023509,26,-0.1598775859966381,51.51408644363241
1276,E00023508,93,-0.1616114486246806,51.51506383758086
1277,E00023589,1,-0.20033550611259154,51.528696018199916
1278,E00024129,541,-0.1440985084223237,51.51662560650221
1279,E00175208,83,-0.17487086289930864,51.49909424164617
1280,E00175205,1,-0.17160622795380248,51.49923772028309
1281,E00175204,2,-0.17050649749270552,51.49959675742822
1282,E00175207,2,-0.15558781896644136,51.51223405691378
1283,E00175209,97,-0.1476024516506578,51.49210879368204
1284,E00023733,6,-0.18042112068146102,51.51203755898649
1285,E00023734,48,-0.17780608011653953,51.51187055577273
1286,E00023732,4,-0.18908628565293403,51.512515697127846
1287,E00023737,26,-0.18791709469933757,51.51207463180934
1288,E00023731,52,-0.18750443455959687,51.51283222491562
1289,E00023739,5,-0.19179431183247064,51.51236711658346
1290,E00024089,1,-0.1944652720492637,51.52324931014496
1291,E00024008,6,-0.137149010279351,51.49460516040229
1292,E00023578,1,-0.1668279373758848,51.52134453175746
1293,E00023572,25,-0.1718829312274838,51.52165533653285
1294,E00023574,4,-0.1720578142132975,51.52290065401875
1295,E00023575,12,-0.1686789081663591,51.5214164465614
1296,E00023946,98,-0.1460024289691077,51.4996818130752
1297,E00023947,6,-0.13044742574935997,51.49787722421099
1298,E00023944,4,-0.13121476895039733,51.49794882752667
1299,E00023458,7,-0.19039550925602192,51.517613331437346
1300,E00023916,1,-0.16236456521378853,51.52584403484726
1301,E00024032,14,-0.14087721250582905,51.49608433034993
1302,E00023882,1,-0.17168011903457212,51.52963336162663
1303,E00023519,52,-0.16363688507888843,51.523336235690216
1304,E00023476,60,-0.19296214170042722,51.51509839210307
1305,E00023538,4,-0.14175857430603878,51.48540383633633
1306,E00023530,1,-0.14948548432319422,51.49017620388556
1307,E00023531,2,-0.14982215735595783,51.48932809484291
1308,E00023532,3,-0.15006075097696325,51.49139445127976
1309,E00023803,1,-0.18897532117006766,51.52908520649246
1310,E00175188,5,-0.18740271331729919,51.51774329418714
1311,E00175232,3,-0.2063273796281866,51.52613423987181
1312,E00023564,2,-0.16545468320523438,51.52511584329785
1313,E00023567,12,-0.1678623300692156,51.524120093171994
1314,E00023716,8,-0.18314392001577648,51.513983608242796
1315,E00024097,32,-0.18882627970581806,51.52293953352109
1316,E00023763,3,-0.17946830346171727,51.52087951560195
1317,E00024076,23,-0.18782317942621046,51.520564230431404
1318,E00024073,2,-0.1915420793088048,51.520138088442415
1319,E00023841,24,-0.1498816241436654,51.5183437446618
1320,E00023694,6,-0.1817513118534445,51.51431687331047
1321,E00023631,2,-0.17370207732647516,51.51373484855095
1322,E00023630,9,-0.17686358522225779,51.51405800740643
1323,E00023633,14,-0.17184607272619123,51.51503439021744
1324,E00023637,14,-0.17182052086858626,51.51313410956557
1325,E00023636,21,-0.1756637339275773,51.51260320577332
1326,E00023639,1,-0.16404383339305553,51.51320169183354
1327,E00023824,71,-0.14211193245407164,51.520930203411105
1328,E00024057,19,-0.13888505965086764,51.491109501317325
1329,E00023826,48,-0.1481826856156285,51.5206690809913
1330,E00023827,1,-0.14888451065159655,51.51994159126669
1331,E00023825,6,-0.15248249772962622,51.522259885085404
1332,E00024054,133,-0.1436092316364817,51.49438637187888
1333,E00023831,13,-0.15253805925173522,51.51984078178757
1334,E00024021,2,-0.13266007212317496,51.4925906518133
1335,E00023833,77,-0.15164709468758367,51.51966814206057
1336,E00023830,15,-0.1579595758030037,51.52034652947074
1337,E00024023,1,-0.131998653449035,51.49186861292049
1338,E00024022,4,-0.1371224541897013,51.49338267381913
1339,E00023835,22,-0.15388619742180967,51.5195836535062
1340,E00023832,36,-0.15145751759004922,51.52032566029938
1341,E00024026,1,-0.12956807952010124,51.491753152321635
1342,E00023834,99,-0.15641893018456923,51.51704313421376
1343,E00023628,1,-0.17447864244088246,51.51391716706431
1344,E00023524,2,-0.1588536677284295,51.521591533559366
1345,E00175214,627,-0.15023299466043047,51.5041629530178
1346,E00023527,3,-0.15967901890043937,51.5196459841043
1347,E00023526,4,-0.1581793754252264,51.52120224549258
1348,E00023522,208,-0.15850929090008878,51.52301743731148
1349,E00023525,15,-0.16141833350447404,51.52128355428556
1350,E00175218,75,-0.157056226342063,51.512829520859846
1351,E00024030,371,-0.12835303070626364,51.49047046460863
1352,E00023806,5,-0.19147207383685394,51.529898370465936
1353,E00023884,716,-0.15423785924512803,51.52325968129055
1354,E00023566,3,-0.17288957691224457,51.5240354769923
1355,E00175257,1,-0.12870670248547122,51.493352145328146
1356,E00175254,1,-0.127448039504586,51.49440571316384
1357,E00023659,3,-0.15474354407022767,51.49585578459944
1358,E00023658,15,-0.15194960227850782,51.49595151719784
1359,E00023724,1,-0.18651276336836528,51.514101793292674
1360,E00023725,6,-0.17843326696309797,51.513132675839444
1361,E00023723,6,-0.18990610075653275,51.514113925133486
1362,E00023676,5,-0.1724122181290067,51.501237932521825
1363,E00023755,9,-0.18250890904142505,51.523603532599964
1364,E00023752,2,-0.18796607894804704,51.52416785782827
1365,E00023816,15,-0.1495761908735277,51.52400752870571
1366,E00024006,2,-0.14109464781937145,51.49495111294756
1367,E00023801,7,-0.1833300652381541,51.528864142576644
1368,E00023614,9,-0.1958925958943113,51.52368967498403
1369,E00023696,2,-0.18089925612972232,51.51290739553337
1370,E00023697,4,-0.18419966142998961,51.51174750560696
1371,E00023695,10,-0.18101111366523662,51.51362973050825
1372,E00023612,8,-0.19953671938355771,51.52425354466401
1373,E00175215,102,-0.17280503842038106,51.51572287953425
1374,E00175213,57,-0.14720620954482144,51.50547921080702
1375,E00024048,385,-0.1457653648342626,51.495481255643476
1376,E00024040,1,-0.14440582939627117,51.48857209959874
1377,E00024063,38,-0.14403328536661808,51.49054868414314
1378,E00024066,84,-0.14006479352060971,51.49018915128112
1379,E00023478,945,-0.19551538947615946,51.51532135111145
1380,E00023843,54,-0.1515732282094329,51.51733270501281
1381,E00024074,3,-0.19979199845795007,51.5201810633749
1382,E00023842,92,-0.14721711712555258,51.51734803534522
1383,E00023844,78,-0.1502008741161245,51.51690340493965
1384,E00024077,21,-0.2014450245965795,51.51951332106093
1385,E00023728,20,-0.1792372916765165,51.51264305215289
1386,E00024075,3,-0.18534550619417506,51.52035897638702
1387,E00023840,209,-0.15497151490653002,51.51861980560118
1388,E00023845,273,-0.14951957092204568,51.51537689903383
1389,E00175206,3172,-0.16642852294862023,51.50714183743592
1390,E00024042,4,-0.14190971049698725,51.48936165034056
1391,E00023510,133,-0.157695257079527,51.51456671793062
1392,E00023561,33,-0.1528137600224912,51.490700190037686
1393,E00023560,22,-0.15216754259498405,51.491263239788395
1394,E00023767,8,-0.1794337568275674,51.52623009925712
1395,E00023726,5,-0.18270036622930708,51.513316125557644
1396,E00023727,23,-0.1897381426062458,51.51310228297622
1397,E00024140,49,-0.15154358758406228,51.51244782892665
1398,E00175240,5,-0.14178638692973636,51.493308384785635
1399,E00175241,239,-0.1402206258711931,51.492404185870555
1400,E00023665,41,-0.1508020374335084,51.49365311012713
1401,E00175245,1,-0.18510896754625358,51.52264963131752
1402,E00023999,2,-0.13546991129733627,51.4887956950067
1403,E00023913,1,-0.17806636310093601,51.52670694418178
1404,E00024103,9,-0.19025534786792878,51.52218667725459
1405,E00024108,100,-0.1349375726339809,51.511947415161444
1406,E00023919,394,-0.15722961375024322,51.52891843513117
1407,E00023785,15,-0.189876832412946,51.52595045515323
1408,E00023702,4,-0.1828280796050255,51.511823552770224
1409,E00023926,1,-0.13252861040843622,51.49751003599675
1410,E00023927,8,-0.13125991688217675,51.4956944895486
1411,E00023922,5,-0.15605639392980122,51.53428140841827
1412,E00175182,24,-0.17978309985989366,51.51826974677132
1413,E00175181,46,-0.1819715006375558,51.51908119334997
1414,E00023920,21,-0.15677158763589227,51.523244807992306
1415,E00175264,1,-0.18323280685257753,51.52670299561907
1416,E00175267,5,-0.16707323793167406,51.52524470301747
1417,E00175265,2,-0.17241071826224058,51.5258452802708
1418,E00023491,6,-0.16387816575325304,51.518829667711145
1419,E00023492,12,-0.1640248968762971,51.51940517808988
1420,E00023493,1,-0.16681645507705734,51.519132872307864
1421,E00023490,63,-0.1635909476106173,51.520922946122504
1422,E00024060,1,-0.1426817239050164,51.490854155011306
1423,E00024058,8,-0.14208204765131063,51.49196969600417
1424,E00023829,1,-0.1504690463046174,51.51987337705188
1425,E00023828,29,-0.15553196652230375,51.520200505456124
1426,E00175189,321,-0.14661676792166242,51.51299861595809
1427,E00175184,2,-0.1717240236173991,51.51809145985664
1428,E00023972,4,-0.12982855247369388,51.48794511635796
1429,E00023973,8,-0.1316717440669977,51.488978986400646
1430,E00023975,20,-0.1346519116240667,51.48569805089983
1431,E00023773,1,-0.17911649002630148,51.52557107884804
1432,E00175276,5,-0.1967804540127483,51.52291985375803
1433,E00175270,3,-0.17095953117776408,51.5232849613039
1434,E00175271,1,-0.17014187422866436,51.525466709082515
1435,E00023555,2,-0.13890537552504018,51.48578075608905
1436,E00023450,11,-0.19334288101099298,51.51933868912229
1437,E00023451,3,-0.19684984445073483,51.5183132461608
1438,E00023452,2,-0.18717106620637994,51.51697765152576
1439,E00023453,6,-0.18843404771168115,51.516819820227454
1440,E00175194,260,-0.13325435928062576,51.515451837332
1441,E00175199,7,-0.19044876619743284,51.51498419437508
1442,E00175195,83,-0.13643038381679792,51.51370188448749
1443,E00175196,635,-0.14187760311644984,51.51130159873998
1444,E00175197,8,-0.18920940464226838,51.51547681435546
1445,E00023867,1,-0.20922923606918983,51.52701775738654
1446,E00175186,644,-0.17550006999913878,51.51729525235354
1447,E00175187,39,-0.16968474410333031,51.518530251932816
1448,E00175180,29,-0.14246931322795392,51.49385974050076
1449,E00175183,65,-0.1719137295503322,51.51924458958458
1450,E00024096,14,-0.1999544282707255,51.52232140490054
1451,E00175222,1,-0.1392011634448703,51.48902337569349
1452,E00175223,1,-0.14891923771301666,51.48778780554704
1453,E00175220,2,-0.17500068886387785,51.52484975516914
1454,E00175221,1,-0.1659383897127576,51.52671770649748
1455,E00023668,3,-0.15717166240857497,51.50230503992315
1456,E00023661,5,-0.14848441105483204,51.49611342848787
1457,E00023660,6,-0.15460078613321282,51.49474313661789
1458,E00023669,308,-0.15598003403022592,51.50282003443143
1459,E00023622,10,-0.17037908657602915,51.51452398290249
1460,E00023620,30,-0.17498546267125228,51.514760965386024
1461,E00023625,15,-0.16780371705970912,51.51502090405371
1462,E00023813,5,-0.15440872420469617,51.52213174334567
1463,E00024083,5,-0.20036693202954153,51.51848265456764
1464,E00024002,12,-0.1326932001740141,51.490943288748774
1465,E00023812,2,-0.14478819535700302,51.522340787148025
1466,E00024005,20,-0.13555290855521693,51.4951120924495
1467,E00023810,1,-0.18928352812320454,51.527777341648
1468,E00023907,1,-0.17483862549085874,51.5277766649421
1469,E00024136,76,-0.13674965590296326,51.51252745771192
1470,E00023987,2,-0.13664971165743187,51.49158347954049
1471,E00024137,671,-0.15343708505463569,51.51324942049122
1472,E00023606,6,-0.202245519278176,51.524118385348785
1473,E00023687,28,-0.15691420699043188,51.49906937821004
1474,E00024121,26,-0.13955668196911686,51.5201039121321
1475,E00023938,1201,-0.14255496590513372,51.50193973546902
1476,E00023931,149,-0.12232841681135911,51.50935959403195
1477,E00024123,2,-0.14158977078713691,51.519583302438505
1478,E00023930,1834,-0.11659358497366297,51.51244556847036
1479,E00023933,192,-0.12344424683169582,51.51107370445713
1480,E00024122,1,-0.14091015985317984,51.52019987851119
1481,E00023939,167,-0.13676857083128066,51.50656129182797
1482,E00024128,143,-0.1365697672165809,51.51798068135228
1483,E00023592,3,-0.2025800286538162,51.52813094236461
1484,E00023512,3,-0.16295426002242577,51.52468608723839
1485,E00023514,3,-0.16194727537363496,51.524551556609175
1486,E00023515,1,-0.16056052013398317,51.5243087517271
1487,E00023517,10,-0.16546538843075817,51.52383185744758
1488,E00023595,117,-0.19809173228291338,51.527423754927064
1489,E00024045,19,-0.13947724277247103,51.488432134329614
1490,E00023559,6,-0.15389981598742378,51.48981773801869
1491,E00023558,39,-0.1491809270870253,51.492155233671554
1492,E00023550,1,-0.14376315540681628,51.48585972956428
1493,E00023664,5,-0.15383651865155928,51.493351397936486
1494,E00023959,21,-0.12838397032201984,51.51265965083324
1495,E00023953,9,-0.1327103601388839,51.49574302364176
1496,E00023957,23,-0.12272445976020543,51.514183901498036
1497,E00023955,28,-0.12544631862306077,51.513123356769185
1498,E00023576,2,-0.17082609519225234,51.52195595596408
1499,E00023577,1,-0.16535892740385,51.521544452234586
1500,E00024019,2,-0.13233426745658522,51.49385170248167
1501,E00023534,1,-0.15096495911433008,51.48903676590306
1502,E00023535,1,-0.1476437600961801,51.489019908091734
1503,E00023762,14,-0.1731515684319336,51.520834362836894
1504,E00024024,78,-0.12628339463083485,51.49316268335545
1505,E00023836,93,-0.1576460328630912,51.51948711244956
1506,E00023837,7,-0.14883668519616905,51.51910534545813
1507,E00023627,14,-0.16466670547167347,51.51585921596217
1508,E00023624,21,-0.16566060882937303,51.514366706573284
1509,E00023718,1,-0.17979292153967308,51.514342332907326
1510,E00023626,3,-0.1780690252877837,51.514179977961724
1511,E00023710,1,-0.18604036079370972,51.516193830682845
1512,E00023623,2,-0.16239931843238237,51.513992098599324
1513,E00023621,1,-0.1786931648220716,51.5155679191947
1514,E00175212,30,-0.14588365966183692,51.506605434002616
1515,E00023650,1,-0.1702343400609909,51.515932405133356
1516,E00023653,12,-0.1809620583004703,51.51570296889206
1517,E00023657,38,-0.15499538275480312,51.49813659136115
1518,E00023655,5,-0.18043612810492862,51.515967444397226
1519,E00023656,12,-0.16622756130707944,51.51503378914096
1520,E00024113,690,-0.14373653914608378,51.50849843326576
1521,E00024115,68,-0.1469052457240427,51.51135187097551
1522,E00023520,3,-0.15969257251756183,51.52308676702831
1523,E00023529,3,-0.16173809510538836,51.51979498584711
1524,E00023764,4,-0.1766101724780306,51.52082097062099
1525,E00023766,34,-0.18473316091429126,51.52675679454829
1526,E00024010,1,-0.13170602614081647,51.49416039696588
1527,E00024090,1,-0.1902070494796347,51.52413110013401
1528,E00024091,1,-0.18820376378096046,51.523415605590536
1529,E00023819,31,-0.14650002780060842,51.52101016771314
1530,E00023818,52,-0.1437058336705282,51.52276069304527
1531,E00023473,10,-0.18917863901940027,51.51627915339696
1532,E00023470,1,-0.196523604961069,51.5165127339968
1533,E00023477,460,-0.19094139987166758,51.51597714937195
1534,E00023948,1,-0.13442586196434458,51.496483628766335
1535,E00023941,68,-0.13595592153616784,51.498487119350834
1536,E00023943,42,-0.13804351679759275,51.49870995266548
1537,E00023945,2322,-0.12584102632104655,51.50016871271322
1538,E00023942,56,-0.1404537608679632,51.497778262248765
1539,E00023988,1,-0.13694467266237428,51.49095329832929
1540,E00024130,251,-0.14036238801592668,51.51766323872291
1541,E00023608,2,-0.19541328000703986,51.52474613616388
1542,E00023689,10,-0.14840434253804366,51.4981544090045
1543,E00023601,3,-0.19944553753379604,51.52575744782402
1544,E00023456,2,-0.19198556952638168,51.51777362756411
1545,E00023488,2,-0.1588379951519427,51.51815341744129
1546,E00175253,7,-0.1298383017240427,51.494524116225314
1547,E00175250,1101,-0.18172592424963155,51.50559018890515
1548,E00175252,4,-0.12775929893942445,51.49368622676282
1549,E00023741,1,-0.19238706353430482,51.51142803958167
1550,E00023740,9,-0.18966240617766558,51.511576486490576
1551,E00023744,12,-0.1858444492268127,51.52481958945346
1552,E00023747,1,-0.1805871764330444,51.52453169751837
1553,E00023914,13,-0.17596747181037814,51.52575376118872
1554,E00024107,1,-0.19062018667649683,51.521191732138206
1555,E00023992,4,-0.13752212701007716,51.490470903106655
1556,E00024065,2,-0.14523915872889398,51.49015868622425
1557,E00024067,8,-0.14566258846438682,51.48914789979176
1558,E00023876,22,-0.21205059124176096,51.53002698587002
1559,E00023877,9,-0.21485852792968316,51.528138988681036
1560,E00024031,31,-0.13820378967084704,51.4965348387333
1561,E00024038,18,-0.1442971375844753,51.48910134251196
1562,E00024033,56,-0.13822623861866823,51.49566719116391
1563,E00175239,7,-0.1400830013378904,51.49341954487291
1564,E00175234,3,-0.20394439415713733,51.52500522410402
1565,E00175231,1,-0.14616021526546996,51.48626409846317
1566,E00024105,230,-0.1826771320923019,51.52036770601145
1567,E00023993,2,-0.1345000443966341,51.49059842291696
1568,E00023991,4,-0.13810372115933833,51.48993510378418
1569,E00023910,18,-0.17325993598015735,51.52793576717822
1570,E00023494,69,-0.16820776432709772,51.51940308719455
1571,E00023496,1,-0.160776140155617,51.51896778135657
1572,E00175219,12,-0.15561969357644115,51.51103873455039
1573,E00024028,3,-0.13150543437717838,51.490214171174834
1574,E00024029,9,-0.12871395247268133,51.4898678890303
1575,E00023838,40,-0.15240408714680792,51.51862940362747
1576,E00023839,384,-0.15377670266316482,51.51588905181865
1577,E00175192,150,-0.1345399598755359,51.514168272224516
1578,E00175191,381,-0.13866673256086784,51.5149145479832
1579,E00175193,165,-0.13507206858623197,51.51691809620813
1580,E00175190,492,-0.14292002767522102,51.51404995951934
1581,E00023468,6,-0.1954916307308937,51.516631259693
1582,E00023461,4,-0.1952379419944866,51.517960329173725
1583,E00023463,1,-0.18566250715737487,51.51680278956576
1584,E00023462,1,-0.18542538406376807,51.51737154432416
1585,E00023467,1,-0.19440878559684902,51.51655164377234
1586,E00024062,1,-0.14038453718756225,51.490295593412036
1587,E00023648,1,-0.16722266245928089,51.51708354852974
1588,E00023641,7,-0.1736182607059492,51.51248069905146
1589,E00023640,1,-0.16976287748067803,51.51290925450743
1590,E00023643,7,-0.17955205733768614,51.51663968586742
1591,E00023644,8,-0.16822833100743084,51.51776729891998
1592,E00023647,2,-0.17004562552366415,51.516777378470834
1593,E00023649,11,-0.17216702027558045,51.51675036052667
1594,E00023670,39,-0.15090356503723476,51.50019269046896
1595,E00023671,8,-0.1557184533187087,51.50016003089164
1596,E00023675,7,-0.17486553075402608,51.50081184063721
1597,E00023679,2,-0.17652610531703414,51.500611369281344
1598,E00175243,21,-0.1864939809239372,51.52241353065889
1599,E00023758,131,-0.18316150399675346,51.521858711978524
1600,E00023750,1,-0.18392645032299715,51.52486210914971
